card_log_number,description,location_name,lower_river_mile,upper_river_mile,Sample Year,sample_datetime,samplers,card_number,position_number,fork_length_cm,poh_length,sex_type_description,mark_types,cwt_bag_number,snout_number,origin_type_description,gilbert_rich,european,card_sequence,species_code,species_description,card_type_description,fishery_type_description,gear_description,otolith_number,dna_number,carcass_tag_number
20-12-16-57220,WRIA 07.0940,Wallace River,,,2020,2020-10-28,BC/LL,A79050,1,80,,Male,Unmarked,,,,4?,0.3,12-Jan,2,Chum,Regular Card,Unknown,Hatchery Rack,201,,
20-12-16-57220,WRIA 07.0940,Wallace River,,,2020,2020-10-28,BC/LL,A79050,2,79,,Male,Unmarked,,,,4?,0.3,12-Jan,2,Chum,Regular Card,Unknown,Hatchery Rack,202,,
20-12-16-57220,WRIA 07.0940,Wallace River,,,2020,2020-10-28,BC/LL,A79050,3,78,,Male,Unmarked,,,,4?,0.3,12-Jan,2,Chum,Regular Card,Unknown,Hatchery Rack,203,,
20-12-16-57220,WRIA 07.0940,Wallace River,,,2020,2020-10-28,BC/LL,A79050,4,71,,Female,Unmarked,,,,4?,0.3,12-Jan,2,Chum,Regular Card,Unknown,Hatchery Rack,204,,
20-12-16-57220,WRIA 07.0940,Wallace River,,,2020,2020-10-28,BC/LL,A79050,5,84,,Male,Unmarked,,,,4?,0.3,12-Jan,2,Chum,Regular Card,Unknown,Hatchery Rack,205,,
20-12-16-57220,WRIA 07.0940,Wallace River,,,2020,2020-10-28,BC/LL,A79050,6,76,,Male,Unmarked,,,,4?,0.3,12-Jan,2,Chum,Regular Card,Unknown,Hatchery Rack,206,,
20-12-16-57220,WRIA 07.0940,Wallace River,,,2020,2020-10-28,BC/LL,A79050,7,75,,Male,Unmarked,,,,4?,0.3,12-Jan,2,Chum,Regular Card,Unknown,Hatchery Rack,207,,
20-12-16-57220,WRIA 07.0940,Wallace River,,,2020,2020-10-28,BC/LL,A79050,8,74,,Male,Unmarked,,,,4?,0.3,12-Jan,2,Chum,Regular Card,Unknown,Hatchery Rack,208,,
20-12-16-57220,WRIA 07.0940,Wallace River,,,2020,2020-10-28,BC/LL,A79050,9,74,,Male,Unmarked,,,,4?,0.3,12-Jan,2,Chum,Regular Card,Unknown,Hatchery Rack,209,,
20-12-16-57220,WRIA 07.0940,Wallace River,,,2020,2020-10-28,BC/LL,A79050,10,84,,Male,Unmarked,,,,4?,0.3,12-Jan,2,Chum,Regular Card,Unknown,Hatchery Rack,210,,
20-12-16-57220,WRIA 07.0940,Wallace River,,,2020,2020-10-28,BC/LL,A79050,11,69,,Female,Unmarked,,,,4?,0.3,12-Jan,2,Chum,Regular Card,Unknown,Hatchery Rack,211,,
20-12-16-57220,WRIA 07.0940,Wallace River,,,2020,2020-10-28,BC/LL,A79050,12,79,,Male,Unmarked,,,,4?,0.3,12-Jan,2,Chum,Regular Card,Unknown,Hatchery Rack,212,,
20-12-16-57220,WRIA 07.0940,Wallace River,,,2020,2020-10-28,BC/LL,A79050,13,78,,Male,Unmarked,,,,4?,0.3,12-Jan,2,Chum,Regular Card,Unknown,Hatchery Rack,213,,
20-12-16-57220,WRIA 07.0940,Wallace River,,,2020,2020-11-04,LL/BC/KR,A79047,1,67,,Female,Unmarked,,,,4?,0.3,12-Feb,2,Chum,Regular Card,Unknown,Hatchery Rack,214,,
20-12-16-57220,WRIA 07.0940,Wallace River,,,2020,2020-11-04,LL/BC/KR,A79047,2,70,,Female,Unmarked,,,,5?,0.4,12-Feb,2,Chum,Regular Card,Unknown,Hatchery Rack,215,,
20-12-16-57220,WRIA 07.0940,Wallace River,,,2020,2020-11-04,LL/BC/KR,A79047,3,73,,Female,Unmarked,,,,4?,0.3,12-Feb,2,Chum,Regular Card,Unknown,Hatchery Rack,216,,
20-12-16-57220,WRIA 07.0940,Wallace River,,,2020,2020-11-04,LL/BC/KR,A79047,4,71,,Female,Unmarked,,,,4?,0.3,12-Feb,2,Chum,Regular Card,Unknown,Hatchery Rack,217,,
20-12-16-57220,WRIA 07.0940,Wallace River,,,2020,2020-11-04,LL/BC/KR,A79047,5,72,,Female,Unmarked,,,,4?,0.3,12-Feb,2,Chum,Regular Card,Unknown,Hatchery Rack,218,,
20-12-16-57220,WRIA 07.0940,Wallace River,,,2020,2020-11-04,LL/BC/KR,A79047,6,72,,Female,Unmarked,,,,4?,0.3,12-Feb,2,Chum,Regular Card,Unknown,Hatchery Rack,219,,
20-12-16-57220,WRIA 07.0940,Wallace River,,,2020,2020-11-04,LL/BC/KR,A79047,7,75,,Female,Unmarked,,,,4?,0.3,12-Feb,2,Chum,Regular Card,Unknown,Hatchery Rack,220,,
20-12-16-57220,WRIA 07.0940,Wallace River,,,2020,2020-11-04,LL/BC/KR,A79047,8,72,,Female,Unmarked,,,,4?,0.3,12-Feb,2,Chum,Regular Card,Unknown,Hatchery Rack,222,,
20-12-16-57220,WRIA 07.0940,Wallace River,,,2020,2020-11-04,LL/BC/KR,A79047,9,78,,Female,Unmarked,,,,4?,0.3,12-Feb,2,Chum,Regular Card,Unknown,Hatchery Rack,223,,
20-12-16-57220,WRIA 07.0940,Wallace River,,,2020,2020-11-04,LL/BC/KR,A79047,10,78,,Female,Unmarked,,,,4?,0.3,12-Feb,2,Chum,Regular Card,Unknown,Hatchery Rack,224,,
20-12-16-57220,WRIA 07.0940,Wallace River,,,2020,2020-11-04,LL/BC/KR,A79047,11,78,,Female,Unmarked,,,,4?,0.3,12-Feb,2,Chum,Regular Card,Unknown,Hatchery Rack,224,,
20-12-16-57220,WRIA 07.0940,Wallace River,,,2020,2020-11-04,LL/BC/KR,A79047,12,73,,Female,Unmarked,,,,4?,0.3,12-Feb,2,Chum,Regular Card,Unknown,Hatchery Rack,225,,
20-12-16-57220,WRIA 07.0940,Wallace River,,,2020,2020-11-04,LL/BC/KR,A79047,13,76,,Female,Unmarked,,,,4?,0.3,12-Feb,2,Chum,Regular Card,Unknown,Hatchery Rack,226,,
20-12-16-57220,WRIA 07.0940,Wallace River,,,2020,2020-11-04,LL/BC/KR,A79047,14,73,,Female,Unmarked,,,,4?,0.3,12-Feb,2,Chum,Regular Card,Unknown,Hatchery Rack,227,,
20-12-16-57220,WRIA 07.0940,Wallace River,,,2020,2020-11-04,LL/BC/KR,A79047,15,73,,Female,Unmarked,,,,4?,0.3,12-Feb,2,Chum,Regular Card,Unknown,Hatchery Rack,228,,
20-12-16-57220,WRIA 07.0940,Wallace River,,,2020,2020-11-04,LL/BC/KR,A79047,16,75,,Female,Unmarked,,,,4?,0.3,12-Feb,2,Chum,Regular Card,Unknown,Hatchery Rack,229,,
20-12-16-57220,WRIA 07.0940,Wallace River,,,2020,2020-11-04,LL/BC/KR,A79047,17,68,,Female,Unmarked,,,,4?,0.3,12-Feb,2,Chum,Regular Card,Unknown,Hatchery Rack,230,,
20-12-16-57220,WRIA 07.0940,Wallace River,,,2020,2020-11-04,LL/BC/KR,A79047,18,70,,Female,Unmarked,,,,4?,0.3,12-Feb,2,Chum,Regular Card,Unknown,Hatchery Rack,231,,
20-12-16-57220,WRIA 07.0940,Wallace River,,,2020,2020-11-04,LL/BC/KR,A79047,19,70,,Female,Unmarked,,,,4?,0.3,12-Feb,2,Chum,Regular Card,Unknown,Hatchery Rack,232,,
20-12-16-57220,WRIA 07.0940,Wallace River,,,2020,2020-11-04,LL/BC/KR,A79047,20,70,,Female,Unmarked,,,,4?,0.3,12-Feb,2,Chum,Regular Card,Unknown,Hatchery Rack,233,,
20-12-16-57220,WRIA 07.0940,Wallace River,,,2020,2020-11-04,KW/EJ,A79048,1,77,,Male,Unmarked,,,,4?,0.3,12-Apr,2,Chum,Regular Card,Unknown,Hatchery Rack,241,,
20-12-16-57220,WRIA 07.0940,Wallace River,,,2020,2020-11-04,KW/EJ,A79048,2,83,,Male,Unmarked,,,,4?,0.3,12-Apr,2,Chum,Regular Card,Unknown,Hatchery Rack,242,,
20-12-16-57220,WRIA 07.0940,Wallace River,,,2020,2020-11-04,KW/EJ,A79048,3,79,,Male,Unmarked,,,,4?,0.3,12-Apr,2,Chum,Regular Card,Unknown,Hatchery Rack,243,,
20-12-16-57220,WRIA 07.0940,Wallace River,,,2020,2020-11-04,KW/EJ,A79048,4,76,,Male,Unmarked,,,,,,12-Apr,2,Chum,Regular Card,Unknown,Hatchery Rack,244,,
20-12-16-57220,WRIA 07.0940,Wallace River,,,2020,2020-11-04,KW/EJ,A79048,5,79,,Male,Unmarked,,,,4?,0.3,12-Apr,2,Chum,Regular Card,Unknown,Hatchery Rack,245,,
20-12-16-57220,WRIA 07.0940,Wallace River,,,2020,2020-11-04,KW/EJ,A79048,6,80,,Male,Unmarked,,,,4?,0.3,12-Apr,2,Chum,Regular Card,Unknown,Hatchery Rack,246,,
20-12-16-57220,WRIA 07.0940,Wallace River,,,2020,2020-11-04,KW/EJ,A79048,7,83,,Male,Unmarked,,,,4?,0.3,12-Apr,2,Chum,Regular Card,Unknown,Hatchery Rack,247,,
20-12-16-57220,WRIA 07.0940,Wallace River,,,2020,2020-11-04,KW/EJ,A79048,8,76,,Male,Unmarked,,,,4?,0.3,12-Apr,2,Chum,Regular Card,Unknown,Hatchery Rack,248,,
20-12-16-57220,WRIA 07.0940,Wallace River,,,2020,2020-11-04,KW/EJ,A79048,9,73,,Male,Unmarked,,,,4?,0.3,12-Apr,2,Chum,Regular Card,Unknown,Hatchery Rack,249,,
20-12-16-57220,WRIA 07.0940,Wallace River,,,2020,2020-11-04,KW/EJ,A79048,10,71,,Male,Unmarked,,,,4?,0.3,12-Apr,2,Chum,Regular Card,Unknown,Hatchery Rack,250,,
20-12-16-57220,WRIA 07.0940,Wallace River,,,2020,2020-11-04,KW/EJ,A79048,11,72,,Male,Unmarked,,,,3?,0.2,12-Apr,2,Chum,Regular Card,Unknown,Hatchery Rack,251,,
20-12-16-57220,WRIA 07.0940,Wallace River,,,2020,2020-11-04,KW/EJ,A79048,12,81,,Male,Unmarked,,,,4?,0.3,12-Apr,2,Chum,Regular Card,Unknown,Hatchery Rack,252,,
20-12-16-57220,WRIA 07.0940,Wallace River,,,2020,2020-11-04,KW/EJ,A79048,13,78,,Male,Unmarked,,,,4?,0.3,12-Apr,2,Chum,Regular Card,Unknown,Hatchery Rack,253,,
20-12-16-57220,WRIA 07.0940,Wallace River,,,2020,2020-11-04,KW/EJ,A79048,14,77,,Male,Unmarked,,,,5?,0.4,12-Apr,2,Chum,Regular Card,Unknown,Hatchery Rack,254,,
20-12-16-57220,WRIA 07.0940,Wallace River,,,2020,2020-11-04,KW/EJ,A79048,15,79,,Male,Unmarked,,,,4?,0.3,12-Apr,2,Chum,Regular Card,Unknown,Hatchery Rack,255,,
20-12-16-57220,WRIA 07.0940,Wallace River,,,2020,2020-11-04,KW/EJ,A79048,16,84,,Male,Unmarked,,,,4?,0.3,12-Apr,2,Chum,Regular Card,Unknown,Hatchery Rack,256,,
20-12-16-57220,WRIA 07.0940,Wallace River,,,2020,2020-11-04,KW/EJ,A79049,1,73,,Female,Unmarked,,,,4?,0.3,12-Mar,2,Chum,Regular Card,Unknown,Hatchery Rack,234,,
20-12-16-57220,WRIA 07.0940,Wallace River,,,2020,2020-11-04,KW/EJ,A79049,2,82,,Male,Unmarked,,,,4?,0.3,12-Mar,2,Chum,Regular Card,Unknown,Hatchery Rack,235,,
20-12-16-57220,WRIA 07.0940,Wallace River,,,2020,2020-11-04,KW/EJ,A79049,3,79,,Male,Unmarked,,,,4?,0.3,12-Mar,2,Chum,Regular Card,Unknown,Hatchery Rack,236,,
20-12-16-57220,WRIA 07.0940,Wallace River,,,2020,2020-11-04,KW/EJ,A79049,4,76,,Male,Unmarked,,,,4?,0.3,12-Mar,2,Chum,Regular Card,Unknown,Hatchery Rack,237,,
20-12-16-57220,WRIA 07.0940,Wallace River,,,2020,2020-11-04,KW/EJ,A79049,5,75,,Male,Unmarked,,,,4?,0.3,12-Mar,2,Chum,Regular Card,Unknown,Hatchery Rack,238,,
20-12-16-57220,WRIA 07.0940,Wallace River,,,2020,2020-11-04,KW/EJ,A79049,6,74,,Male,Unmarked,,,,4?,0.3,12-Mar,2,Chum,Regular Card,Unknown,Hatchery Rack,239,,
20-12-16-57220,WRIA 07.0940,Wallace River,,,2020,2020-11-04,KW/EJ,A79049,7,81,,Male,Unmarked,,,,4?,0.3,12-Mar,2,Chum,Regular Card,Unknown,Hatchery Rack,240,,
20-12-16-57220,WRIA 07.0940,Wallace River,,,2020,2020-11-10,DS/EJ,A79051,1,84,,Male,Unmarked,,,,4?,0.3,12-Jun,2,Chum,Regular Card,Unknown,Hatchery Rack,275,,
20-12-16-57220,WRIA 07.0940,Wallace River,,,2020,2020-11-10,DS/EJ,A79051,2,76,,Male,Unmarked,,,,4?,0.3,12-Jun,2,Chum,Regular Card,Unknown,Hatchery Rack,276,,
20-12-16-57220,WRIA 07.0940,Wallace River,,,2020,2020-11-10,DS/EJ,A79051,3,81,,Male,Unmarked,,,,4?,0.3,12-Jun,2,Chum,Regular Card,Unknown,Hatchery Rack,277,,
20-12-16-57220,WRIA 07.0940,Wallace River,,,2020,2020-11-10,DS/EJ,A79051,4,77,,Male,Unmarked,,,,4?,0.3,12-Jun,2,Chum,Regular Card,Unknown,Hatchery Rack,278,,
20-12-16-57220,WRIA 07.0940,Wallace River,,,2020,2020-11-10,DS/EJ,A79051,5,81,,Male,Unmarked,,,,4?,0.3,12-Jun,2,Chum,Regular Card,Unknown,Hatchery Rack,279,,
20-12-16-57220,WRIA 07.0940,Wallace River,,,2020,2020-11-10,DS/EJ,A79051,6,81,,Male,Unmarked,,,,4?,0.3,12-Jun,2,Chum,Regular Card,Unknown,Hatchery Rack,280,,
20-12-16-57220,WRIA 07.0940,Wallace River,,,2020,2020-11-10,DS/EJ,A79051,7,74,,Male,Unmarked,,,,4?,0.3,12-Jun,2,Chum,Regular Card,Unknown,Hatchery Rack,281,,
20-12-16-57220,WRIA 07.0940,Wallace River,,,2020,2020-11-10,DS/EJ,A79051,8,74,,Male,Unmarked,,,,4?,0.3,12-Jun,2,Chum,Regular Card,Unknown,Hatchery Rack,282,,
20-12-16-57220,WRIA 07.0940,Wallace River,,,2020,2020-11-10,DS/EJ,A79051,9,79,,Male,Unmarked,,,,4?,0.3,12-Jun,2,Chum,Regular Card,Unknown,Hatchery Rack,283,,
20-12-16-57220,WRIA 07.0940,Wallace River,,,2020,2020-11-10,DS/EJ,A79051,10,73,,Male,Unmarked,,,,4?,0.3,12-Jun,2,Chum,Regular Card,Unknown,Hatchery Rack,284,,
20-12-16-57220,WRIA 07.0940,Wallace River,,,2020,2020-11-10,DS/EJ,A79051,11,80,,Male,Unmarked,,,,4?,0.3,12-Jun,2,Chum,Regular Card,Unknown,Hatchery Rack,285,,
20-12-16-57220,WRIA 07.0940,Wallace River,,,2020,2020-11-10,DS/EJ,A79051,12,75,,Male,Unmarked,,,,4?,0.3,12-Jun,2,Chum,Regular Card,Unknown,Hatchery Rack,286,,
20-12-16-57220,WRIA 07.0940,Wallace River,,,2020,2020-11-10,DS/EJ,A79051,13,76,,Male,Unmarked,,,,4?,0.3,12-Jun,2,Chum,Regular Card,Unknown,Hatchery Rack,287,,
20-12-16-57220,WRIA 07.0940,Wallace River,,,2020,2020-11-10,DS/EJ,A79051,14,82,,Male,Unmarked,,,,4?,0.3,12-Jun,2,Chum,Regular Card,Unknown,Hatchery Rack,288,,
20-12-16-57220,WRIA 07.0940,Wallace River,,,2020,2020-11-10,DS/EJ,A79051,15,79,,Male,Unmarked,,,,4?,0.3,12-Jun,2,Chum,Regular Card,Unknown,Hatchery Rack,289,,
20-12-16-57220,WRIA 07.0940,Wallace River,,,2020,2020-11-10,DS/EJ,A79051,16,78,,Male,Unmarked,,,,4?,0.3,12-Jun,2,Chum,Regular Card,Unknown,Hatchery Rack,290,,
20-12-16-57220,WRIA 07.0940,Wallace River,,,2020,2020-11-10,DS/EJ,A79051,17,77,,Male,Unmarked,,,,4?,0.3,12-Jun,2,Chum,Regular Card,Unknown,Hatchery Rack,291,,
20-12-16-57220,WRIA 07.0940,Wallace River,,,2020,2020-11-10,DS/EJ,A79051,18,81,,Male,Unmarked,,,,4?,0.3,12-Jun,2,Chum,Regular Card,Unknown,Hatchery Rack,292,,
20-12-16-57220,WRIA 07.0940,Wallace River,,,2020,2020-11-10,DS/EJ,A79051,19,82,,Male,Unmarked,,,,4?,0.3,12-Jun,2,Chum,Regular Card,Unknown,Hatchery Rack,293,,
20-12-16-57220,WRIA 07.0940,Wallace River,,,2020,2020-11-10,DS/EJ,A79051,20,79,,Male,Unmarked,,,,4?,0.3,12-Jun,2,Chum,Regular Card,Unknown,Hatchery Rack,294,,
20-12-16-57220,WRIA 07.0940,Wallace River,,,2020,2020-11-10,DS/BC,A79053,1,73,,Female,Unmarked,,,,4?,0.3,12-May,2,Chum,Regular Card,Unknown,Hatchery Rack,257,,
20-12-16-57220,WRIA 07.0940,Wallace River,,,2020,2020-11-10,DS/BC,A79053,2,70,,Female,Unmarked,,,,4?,0.3,12-May,2,Chum,Regular Card,Unknown,Hatchery Rack,258,,
20-12-16-57220,WRIA 07.0940,Wallace River,,,2020,2020-11-10,DS/BC,A79053,3,71,,Female,Unmarked,,,,,,12-May,2,Chum,Regular Card,Unknown,Hatchery Rack,259,,
20-12-16-57220,WRIA 07.0940,Wallace River,,,2020,2020-11-10,DS/BC,A79053,4,73,,Female,Unmarked,,,,4?,0.3,12-May,2,Chum,Regular Card,Unknown,Hatchery Rack,260,,
20-12-16-57220,WRIA 07.0940,Wallace River,,,2020,2020-11-10,DS/BC,A79053,5,69,,Female,Unmarked,,,,4?,0.3,12-May,2,Chum,Regular Card,Unknown,Hatchery Rack,261,,
20-12-16-57220,WRIA 07.0940,Wallace River,,,2020,2020-11-10,DS/BC,A79053,6,74,,Female,Unmarked,,,,4?,0.3,12-May,2,Chum,Regular Card,Unknown,Hatchery Rack,262,,
20-12-16-57220,WRIA 07.0940,Wallace River,,,2020,2020-11-10,DS/BC,A79053,7,69,,Female,Unmarked,,,,4?,0.3,12-May,2,Chum,Regular Card,Unknown,Hatchery Rack,263,,
20-12-16-57220,WRIA 07.0940,Wallace River,,,2020,2020-11-10,DS/BC,A79053,8,67,,Female,Unmarked,,,,4?,0.3,12-May,2,Chum,Regular Card,Unknown,Hatchery Rack,264,,
20-12-16-57220,WRIA 07.0940,Wallace River,,,2020,2020-11-10,DS/BC,A79053,9,68,,Female,Unmarked,,,,4?,0.3,12-May,2,Chum,Regular Card,Unknown,Hatchery Rack,265,,
20-12-16-57220,WRIA 07.0940,Wallace River,,,2020,2020-11-10,DS/BC,A79053,10,61,,Female,Unmarked,,,,3?,0.2,12-May,2,Chum,Regular Card,Unknown,Hatchery Rack,266,,
20-12-16-57220,WRIA 07.0940,Wallace River,,,2020,2020-11-10,DS/BC,A79053,11,67,,Female,Unmarked,,,,5?,0.4,12-May,2,Chum,Regular Card,Unknown,Hatchery Rack,267,,
20-12-16-57220,WRIA 07.0940,Wallace River,,,2020,2020-11-10,DS/BC,A79053,12,62,,Female,Unmarked,,,,4?,0.3,12-May,2,Chum,Regular Card,Unknown,Hatchery Rack,268,,
20-12-16-57220,WRIA 07.0940,Wallace River,,,2020,2020-11-10,DS/BC,A79053,13,80,,Female,Unmarked,,,,4?,0.3,12-May,2,Chum,Regular Card,Unknown,Hatchery Rack,269,,
20-12-16-57220,WRIA 07.0940,Wallace River,,,2020,2020-11-10,DS/BC,A79053,14,69,,Female,Unmarked,,,,3?,0.2,12-May,2,Chum,Regular Card,Unknown,Hatchery Rack,270,,
20-12-16-57220,WRIA 07.0940,Wallace River,,,2020,2020-11-10,DS/BC,A79053,15,70,,Female,Unmarked,,,,4?,0.3,12-May,2,Chum,Regular Card,Unknown,Hatchery Rack,271,,
20-12-16-57220,WRIA 07.0940,Wallace River,,,2020,2020-11-10,DS/BC,A79053,16,76,,Female,Unmarked,,,,4?,0.3,12-May,2,Chum,Regular Card,Unknown,Hatchery Rack,272,,
20-12-16-57220,WRIA 07.0940,Wallace River,,,2020,2020-11-10,DS/BC,A79053,17,74,,Female,Unmarked,,,,4?,0.3,12-May,2,Chum,Regular Card,Unknown,Hatchery Rack,273,,
20-12-16-57220,WRIA 07.0940,Wallace River,,,2020,2020-11-10,DS/BC,A79053,18,66,,Female,Unmarked,,,,4?,0.3,12-May,2,Chum,Regular Card,Unknown,Hatchery Rack,274,,
20-12-16-57220,WRIA 07.0940,Wallace River,,,2020,2020-11-16,EJ/DS,A79059,1,70,,Male,Unmarked,,,,4?,0.3,12-Sep,2,Chum,Regular Card,Unknown,Hatchery Rack,321,,
20-12-16-57220,WRIA 07.0940,Wallace River,,,2020,2020-11-16,EJ/DS,A79059,2,74,,Male,Unmarked,,,,4?,0.3,12-Sep,2,Chum,Regular Card,Unknown,Hatchery Rack,322,,
20-12-16-57220,WRIA 07.0940,Wallace River,,,2020,2020-11-16,EJ/DS,A79059,3,79,,Male,Unmarked,,,,4?,0.3,12-Sep,2,Chum,Regular Card,Unknown,Hatchery Rack,323,,
20-12-16-57220,WRIA 07.0940,Wallace River,,,2020,2020-11-16,EJ/DS,A79059,4,80,,Male,Unmarked,,,,4?,0.3,12-Sep,2,Chum,Regular Card,Unknown,Hatchery Rack,324,,
20-12-16-57220,WRIA 07.0940,Wallace River,,,2020,2020-11-16,EJ/DS,A79059,5,81,,Male,Unmarked,,,,4?,0.3,12-Sep,2,Chum,Regular Card,Unknown,Hatchery Rack,325,,
20-12-16-57220,WRIA 07.0940,Wallace River,,,2020,2020-11-16,EJ/DS,A79059,6,77,,Male,Unmarked,,,,4?,0.3,12-Sep,2,Chum,Regular Card,Unknown,Hatchery Rack,326,,
20-12-16-57220,WRIA 07.0940,Wallace River,,,2020,2020-11-16,EJ/DS,A79059,7,66,,Male,Unmarked,,,,4?,0.3,12-Sep,2,Chum,Regular Card,Unknown,Hatchery Rack,327,,
20-12-16-57220,WRIA 07.0940,Wallace River,,,2020,2020-11-16,EJ/DS,A79059,8,71,,Male,Unmarked,,,,4?,0.3,12-Sep,2,Chum,Regular Card,Unknown,Hatchery Rack,328,,
20-12-16-57220,WRIA 07.0940,Wallace River,,,2020,2020-11-16,EJ/DS,A79059,9,73,,Male,Unmarked,,,,4?,0.3,12-Sep,2,Chum,Regular Card,Unknown,Hatchery Rack,329,,
20-12-16-57220,WRIA 07.0940,Wallace River,,,2020,2020-11-16,EJ/DS,A79059,10,76,,Male,Unmarked,,,,4?,0.3,12-Sep,2,Chum,Regular Card,Unknown,Hatchery Rack,330,,
20-12-16-57220,WRIA 07.0940,Wallace River,,,2020,2020-11-16,EJ/DS,A79059,11,81,,Male,Unmarked,,,,4?,0.3,12-Sep,2,Chum,Regular Card,Unknown,Hatchery Rack,331,,
20-12-16-57220,WRIA 07.0940,Wallace River,,,2020,2020-11-16,EJ/DS,A79059,12,79,,Male,Unmarked,,,,4?,0.3,12-Sep,2,Chum,Regular Card,Unknown,Hatchery Rack,332,,
20-12-16-57220,WRIA 07.0940,Wallace River,,,2020,2020-11-16,EJ/DS,A79059,13,72,,Male,Unmarked,,,,,,12-Sep,2,Chum,Regular Card,Unknown,Hatchery Rack,333,,
20-12-16-57220,WRIA 07.0940,Wallace River,,,2020,2020-11-16,EJ/DS,A79059,14,71,,Male,Unmarked,,,,3?,0.2,12-Sep,2,Chum,Regular Card,Unknown,Hatchery Rack,334,,
20-12-16-57220,WRIA 07.0940,Wallace River,,,2020,2020-11-16,EJ/DS,A79059,15,77,,Male,Unmarked,,,,4?,0.3,12-Sep,2,Chum,Regular Card,Unknown,Hatchery Rack,335,,
20-12-16-57220,WRIA 07.0940,Wallace River,,,2020,2020-11-16,EJ/DS,A79059,16,72,,Male,Unmarked,,,,4?,0.3,12-Sep,2,Chum,Regular Card,Unknown,Hatchery Rack,336,,
20-12-16-57220,WRIA 07.0940,Wallace River,,,2020,2020-11-16,EJ/DS,A79059,17,81,,Male,Unmarked,,,,4?,0.3,12-Sep,2,Chum,Regular Card,Unknown,Hatchery Rack,337,,
20-12-16-57220,WRIA 07.0940,Wallace River,,,2020,2020-11-16,EJ/DS,A79059,18,74,,Male,Unmarked,,,,4?,0.3,12-Sep,2,Chum,Regular Card,Unknown,Hatchery Rack,338,,
20-12-16-57220,WRIA 07.0940,Wallace River,,,2020,2020-11-16,EJ/DS,A79059,19,73,,Male,Unmarked,,,,3?,0.2,12-Sep,2,Chum,Regular Card,Unknown,Hatchery Rack,339,,
20-12-16-57220,WRIA 07.0940,Wallace River,,,2020,2020-11-16,EJ/DS,A79059,20,78,,Male,Unmarked,,,,5?,0.4,12-Sep,2,Chum,Regular Card,Unknown,Hatchery Rack,340,,
20-12-16-57220,WRIA 07.0940,Wallace River,,,2020,2020-11-16,BC/LL,A79060,1,78,,Female,Unmarked,,,,4?,0.3,12-Aug,2,Chum,Regular Card,Unknown,Hatchery Rack,315,,
20-12-16-57220,WRIA 07.0940,Wallace River,,,2020,2020-11-16,BC/LL,A79060,2,70,,Female,Unmarked,,,,3?,0.2,12-Aug,2,Chum,Regular Card,Unknown,Hatchery Rack,316,,
20-12-16-57220,WRIA 07.0940,Wallace River,,,2020,2020-11-16,BC/LL,A79060,3,64,,Female,Unmarked,,,,4?,0.3,12-Aug,2,Chum,Regular Card,Unknown,Hatchery Rack,317,,
20-12-16-57220,WRIA 07.0940,Wallace River,,,2020,2020-11-16,BC/LL,A79060,4,76,,Male,Unmarked,,,,4?,0.3,12-Aug,2,Chum,Regular Card,Unknown,Hatchery Rack,318,,
20-12-16-57220,WRIA 07.0940,Wallace River,,,2020,2020-11-16,BC/LL,A79060,5,74,,Male,Unmarked,,,,4?,0.3,12-Aug,2,Chum,Regular Card,Unknown,Hatchery Rack,319,,
20-12-16-57220,WRIA 07.0940,Wallace River,,,2020,2020-11-16,BC/LL,A79060,6,76,,Male,Unmarked,,,,4?,0.3,12-Aug,2,Chum,Regular Card,Unknown,Hatchery Rack,320,,
20-12-16-57220,WRIA 07.0940,Wallace River,,,2020,2020-11-16,LL/BC,A79061,1,76,,Female,Unmarked,,,,4?,0.3,12-Jul,2,Chum,Regular Card,Unknown,Hatchery Rack,295,,
20-12-16-57220,WRIA 07.0940,Wallace River,,,2020,2020-11-16,LL/BC,A79061,2,70,,Female,Unmarked,,,,4?,0.3,12-Jul,2,Chum,Regular Card,Unknown,Hatchery Rack,296,,
20-12-16-57220,WRIA 07.0940,Wallace River,,,2020,2020-11-16,LL/BC,A79061,3,65,,Female,Unmarked,,,,3?,0.2,12-Jul,2,Chum,Regular Card,Unknown,Hatchery Rack,297,,
20-12-16-57220,WRIA 07.0940,Wallace River,,,2020,2020-11-16,LL/BC,A79061,4,63,,Female,Unmarked,,,,3?,0.2,12-Jul,2,Chum,Regular Card,Unknown,Hatchery Rack,298,,
20-12-16-57220,WRIA 07.0940,Wallace River,,,2020,2020-11-16,LL/BC,A79061,5,66,,Female,Unmarked,,,,4?,0.3,12-Jul,2,Chum,Regular Card,Unknown,Hatchery Rack,299,,
20-12-16-57220,WRIA 07.0940,Wallace River,,,2020,2020-11-16,LL/BC,A79061,6,71,,Female,Unmarked,,,,4?,0.3,12-Jul,2,Chum,Regular Card,Unknown,Hatchery Rack,300,,
20-12-16-57220,WRIA 07.0940,Wallace River,,,2020,2020-11-16,LL/BC,A79061,7,72,,Female,Unmarked,,,,4?,0.3,12-Jul,2,Chum,Regular Card,Unknown,Hatchery Rack,301,,
20-12-16-57220,WRIA 07.0940,Wallace River,,,2020,2020-11-16,LL/BC,A79061,8,76,,Female,Unmarked,,,,5?,0.4,12-Jul,2,Chum,Regular Card,Unknown,Hatchery Rack,302,,
20-12-16-57220,WRIA 07.0940,Wallace River,,,2020,2020-11-16,LL/BC,A79061,9,68,,Female,Unmarked,,,,4?,0.3,12-Jul,2,Chum,Regular Card,Unknown,Hatchery Rack,303,,
20-12-16-57220,WRIA 07.0940,Wallace River,,,2020,2020-11-16,LL/BC,A79061,10,72,,Female,Unmarked,,,,4?,0.3,12-Jul,2,Chum,Regular Card,Unknown,Hatchery Rack,304,,
20-12-16-57220,WRIA 07.0940,Wallace River,,,2020,2020-11-16,LL/BC,A79061,11,70,,Female,Unmarked,,,,4?,0.3,12-Jul,2,Chum,Regular Card,Unknown,Hatchery Rack,305,,
20-12-16-57220,WRIA 07.0940,Wallace River,,,2020,2020-11-16,LL/BC,A79061,12,69,,Female,Unmarked,,,,4?,0.3,12-Jul,2,Chum,Regular Card,Unknown,Hatchery Rack,306,,
20-12-16-57220,WRIA 07.0940,Wallace River,,,2020,2020-11-16,LL/BC,A79061,13,73,,Female,Unmarked,,,,4?,0.3,12-Jul,2,Chum,Regular Card,Unknown,Hatchery Rack,307,,
20-12-16-57220,WRIA 07.0940,Wallace River,,,2020,2020-11-16,LL/BC,A79061,14,70,,Female,Unmarked,,,,4?,0.3,12-Jul,2,Chum,Regular Card,Unknown,Hatchery Rack,308,,
20-12-16-57220,WRIA 07.0940,Wallace River,,,2020,2020-11-16,LL/BC,A79061,15,68,,Female,Unmarked,,,,4?,0.3,12-Jul,2,Chum,Regular Card,Unknown,Hatchery Rack,309,,
20-12-16-57220,WRIA 07.0940,Wallace River,,,2020,2020-11-16,LL/BC,A79061,16,72,,Female,Unmarked,,,,4?,0.3,12-Jul,2,Chum,Regular Card,Unknown,Hatchery Rack,310,,
20-12-16-57220,WRIA 07.0940,Wallace River,,,2020,2020-11-16,LL/BC,A79061,17,75,,Female,Unmarked,,,,4?,0.3,12-Jul,2,Chum,Regular Card,Unknown,Hatchery Rack,311,,
20-12-16-57220,WRIA 07.0940,Wallace River,,,2020,2020-11-16,LL/BC,A79061,18,72,,Female,Unmarked,,,,4?,0.3,12-Jul,2,Chum,Regular Card,Unknown,Hatchery Rack,312,,
20-12-16-57220,WRIA 07.0940,Wallace River,,,2020,2020-11-16,LL/BC,A79061,19,68,,Female,Unmarked,,,,,,12-Jul,2,Chum,Regular Card,Unknown,Hatchery Rack,313,,
20-12-16-57220,WRIA 07.0940,Wallace River,,,2020,2020-11-16,LL/BC,A79061,20,77,,Female,Unmarked,,,,4?,0.3,12-Jul,2,Chum,Regular Card,Unknown,Hatchery Rack,314,,
20-12-16-57220,WRIA 07.0940,Wallace River,,,2020,2020-11-24,LL/KC,A79064,1,73,,Female,Unmarked,,,,5?,0.4,12-Oct,2,Chum,Regular Card,Unknown,Hatchery Rack,341,,
20-12-16-57220,WRIA 07.0940,Wallace River,,,2020,2020-11-24,LL/KC,A79064,2,70,,Female,Unmarked,,,,4?,0.3,12-Oct,2,Chum,Regular Card,Unknown,Hatchery Rack,342,,
20-12-16-57220,WRIA 07.0940,Wallace River,,,2020,2020-11-24,LL/KC,A79064,3,75,,Female,Unmarked,,,,4?,0.3,12-Oct,2,Chum,Regular Card,Unknown,Hatchery Rack,343,,
20-12-16-57220,WRIA 07.0940,Wallace River,,,2020,2020-11-24,LL/KC,A79064,4,77,,Female,Unmarked,,,,4?,0.3,12-Oct,2,Chum,Regular Card,Unknown,Hatchery Rack,344,,
20-12-16-57220,WRIA 07.0940,Wallace River,,,2020,2020-11-24,LL/KC,A79064,5,71,,Female,Unmarked,,,,4?,0.3,12-Oct,2,Chum,Regular Card,Unknown,Hatchery Rack,345,,
20-12-16-57220,WRIA 07.0940,Wallace River,,,2020,2020-11-24,LL/KC,A79064,6,71,,Female,Unmarked,,,,4?,0.3,12-Oct,2,Chum,Regular Card,Unknown,Hatchery Rack,346,,
20-12-16-57220,WRIA 07.0940,Wallace River,,,2020,2020-11-24,LL/KC,A79064,7,76,,Female,Unmarked,,,,4?,0.3,12-Oct,2,Chum,Regular Card,Unknown,Hatchery Rack,347,,
20-12-16-57220,WRIA 07.0940,Wallace River,,,2020,2020-11-24,LL/KC,A79064,8,70,,Female,Unmarked,,,,4?,0.3,12-Oct,2,Chum,Regular Card,Unknown,Hatchery Rack,348,,
20-12-16-57220,WRIA 07.0940,Wallace River,,,2020,2020-11-24,LL/KC,A79064,9,68,,Female,Unmarked,,,,4?,0.3,12-Oct,2,Chum,Regular Card,Unknown,Hatchery Rack,349,,
20-12-16-57220,WRIA 07.0940,Wallace River,,,2020,2020-11-24,LL/KC,A79064,10,64,,Female,Unmarked,,,,4?,0.3,12-Oct,2,Chum,Regular Card,Unknown,Hatchery Rack,350,,
20-12-16-57220,WRIA 07.0940,Wallace River,,,2020,2020-11-24,LL/KC,A79064,11,67,,Female,Unmarked,,,,4?,0.3,12-Oct,2,Chum,Regular Card,Unknown,Hatchery Rack,351,,
20-12-16-57220,WRIA 07.0940,Wallace River,,,2020,2020-11-24,LL/KC,A79064,12,66,,Female,Unmarked,,,,4?,0.3,12-Oct,2,Chum,Regular Card,Unknown,Hatchery Rack,352,,
20-12-16-57220,WRIA 07.0940,Wallace River,,,2020,2020-11-24,LL/KC,A79064,13,74,,Female,Unmarked,,,,4?,0.3,12-Oct,2,Chum,Regular Card,Unknown,Hatchery Rack,353,,
20-12-16-57220,WRIA 07.0940,Wallace River,,,2020,2020-11-24,LL/KC,A79064,14,74,,Female,Unmarked,,,,4?,0.3,12-Oct,2,Chum,Regular Card,Unknown,Hatchery Rack,354,,
20-12-16-57220,WRIA 07.0940,Wallace River,,,2020,2020-11-24,EJ/BC,A79065,1,75,,Male,Unmarked,,,,4?,0.3,12-Nov,2,Chum,Regular Card,Unknown,Hook & Line,355,,
20-12-16-57220,WRIA 07.0940,Wallace River,,,2020,2020-11-24,EJ/BC,A79065,2,69,,Male,Unmarked,,,,3?,0.2,12-Nov,2,Chum,Regular Card,Unknown,Hook & Line,356,,
20-12-16-57220,WRIA 07.0940,Wallace River,,,2020,2020-11-24,EJ/BC,A79065,3,74,,Male,Unmarked,,,,4?,0.3,12-Nov,2,Chum,Regular Card,Unknown,Hook & Line,357,,
20-12-16-57220,WRIA 07.0940,Wallace River,,,2020,2020-11-24,EJ/BC,A79065,4,73,,Male,Unmarked,,,,4?,0.3,12-Nov,2,Chum,Regular Card,Unknown,Hook & Line,358,,
20-12-16-57220,WRIA 07.0940,Wallace River,,,2020,2020-11-24,EJ/BC,A79065,5,68,,Male,Unmarked,,,,4?,0.3,12-Nov,2,Chum,Regular Card,Unknown,Hook & Line,359,,
20-12-16-57220,WRIA 07.0940,Wallace River,,,2020,2020-11-24,EJ/BC,A79065,6,63,,Male,Unmarked,,,,4?,0.3,12-Nov,2,Chum,Regular Card,Unknown,Hook & Line,360,,
20-12-16-57220,WRIA 07.0940,Wallace River,,,2020,2020-11-24,EJ/BC,A79065,7,75,,Male,Unmarked,,,,3?,0.2,12-Nov,2,Chum,Regular Card,Unknown,Hook & Line,361,,
20-12-16-57220,WRIA 07.0940,Wallace River,,,2020,2020-11-24,EJ/BC,A79065,8,76,,Male,Unmarked,,,,4?,0.3,12-Nov,2,Chum,Regular Card,Unknown,Hook & Line,362,,
20-12-16-57220,WRIA 07.0940,Wallace River,,,2020,2020-11-24,EJ/BC,A79065,9,76,,Male,Unmarked,,,,4?,0.3,12-Nov,2,Chum,Regular Card,Unknown,Hook & Line,363,,
20-12-16-57220,WRIA 07.0940,Wallace River,,,2020,2020-11-24,EJ/BC,A79065,10,84,,Male,Unmarked,,,,4?,0.3,12-Nov,2,Chum,Regular Card,Unknown,Hook & Line,364,,
20-12-16-57220,WRIA 07.0940,Wallace River,,,2020,2020-11-24,EJ/BC,A79065,11,72,,Male,Unmarked,,,,4?,0.3,12-Nov,2,Chum,Regular Card,Unknown,Hook & Line,365,,
20-12-16-57220,WRIA 07.0940,Wallace River,,,2020,2020-11-24,EJ/BC,A79065,12,75,,Male,Unmarked,,,,4?,0.3,12-Nov,2,Chum,Regular Card,Unknown,Hook & Line,366,,
20-12-16-57220,WRIA 07.0940,Wallace River,,,2020,2020-11-24,EJ/BC,A79065,13,77,,Male,Unmarked,,,,4?,0.3,12-Nov,2,Chum,Regular Card,Unknown,Hook & Line,367,,
20-12-16-57220,WRIA 07.0940,Wallace River,,,2020,2020-11-24,EJ/BC,A79065,14,62,,Male,Unmarked,,,,3?,0.2,12-Nov,2,Chum,Regular Card,Unknown,Hook & Line,368,,
20-12-16-57220,WRIA 07.0940,Wallace River,,,2020,2020-11-24,EJ/BC,A79065,15,74,,Male,Unmarked,,,,4?,0.3,12-Nov,2,Chum,Regular Card,Unknown,Hook & Line,369,,
20-12-16-57220,WRIA 07.0940,Wallace River,,,2020,2020-11-24,EJ/BC,A79065,16,81,,Male,Unmarked,,,,4?,0.3,12-Nov,2,Chum,Regular Card,Unknown,Hook & Line,370,,
20-12-16-57220,WRIA 07.0940,Wallace River,,,2020,2020-11-24,EJ/BC,A79065,17,74,,Male,Unmarked,,,,3?,0.2,12-Nov,2,Chum,Regular Card,Unknown,Hook & Line,371,,
20-12-16-57220,WRIA 07.0940,Wallace River,,,2020,2020-11-24,EJ/BC,A79065,18,70,,Male,Unmarked,,,,4?,0.3,12-Nov,2,Chum,Regular Card,Unknown,Hook & Line,372,,
20-12-16-57220,WRIA 07.0940,Wallace River,,,2020,2020-11-24,EJ/BC,A79065,19,75,,Male,Unmarked,,,,4?,0.3,12-Nov,2,Chum,Regular Card,Unknown,Hook & Line,373,,
20-12-16-57220,WRIA 07.0940,Wallace River,,,2020,2020-11-30,BC/LL,A79067,1,76,,Female,Unmarked,,,,4?,0.3,12-Dec,2,Chum,Regular Card,Unknown,Hatchery Rack,374,,
20-12-16-57220,WRIA 07.0940,Wallace River,,,2020,2020-11-30,BC/LL,A79067,2,72,,Female,Unmarked,,,,4?,0.3,12-Dec,2,Chum,Regular Card,Unknown,Hatchery Rack,375,,
20-12-16-57220,WRIA 07.0940,Wallace River,,,2020,2020-11-30,BC/LL,A79067,3,69,,Female,Unmarked,,,,4?,0.3,12-Dec,2,Chum,Regular Card,Unknown,Hatchery Rack,376,,
20-12-16-57220,WRIA 07.0940,Wallace River,,,2020,2020-11-30,BC/LL,A79067,4,66,,Female,Unmarked,,,,4?,0.3,12-Dec,2,Chum,Regular Card,Unknown,Hatchery Rack,377,,
20-12-16-57220,WRIA 07.0940,Wallace River,,,2020,2020-11-30,BC/LL,A79067,5,72,,Female,Unmarked,,,,4?,0.3,12-Dec,2,Chum,Regular Card,Unknown,Hatchery Rack,378,,
20-12-16-57220,WRIA 07.0940,Wallace River,,,2020,2020-11-30,BC/LL,A79067,6,62,,Female,Unmarked,,,,4?,0.3,12-Dec,2,Chum,Regular Card,Unknown,Hatchery Rack,379,,
20-12-16-57220,WRIA 07.0940,Wallace River,,,2020,2020-11-30,BC/LL,A79067,7,76,,Male,Unmarked,,,,4?,0.3,12-Dec,2,Chum,Regular Card,Unknown,Hatchery Rack,380,,
20-12-16-57220,WRIA 07.0940,Wallace River,,,2020,2020-11-30,BC/LL,A79067,8,75,,Male,Unmarked,,,,4?,0.3,12-Dec,2,Chum,Regular Card,Unknown,Hatchery Rack,381,,
20-12-16-57220,WRIA 07.0940,Wallace River,,,2020,2020-11-30,BC/LL,A79067,9,73,,Male,Unmarked,,,,4?,0.3,12-Dec,2,Chum,Regular Card,Unknown,Hatchery Rack,382,,
20-12-16-57220,WRIA 07.0940,Wallace River,,,2020,2020-11-30,BC/LL,A79067,10,67,,Male,Unmarked,,,,3?,0.2,12-Dec,2,Chum,Regular Card,Unknown,Hatchery Rack,383,,
20-12-16-57220,WRIA 07.0940,Wallace River,,,2020,2020-11-30,BC/LL,A79067,11,69,,Male,Unmarked,,,,3?,0.2,12-Dec,2,Chum,Regular Card,Unknown,Hatchery Rack,384,,
20-12-16-57220,WRIA 07.0940,Wallace River,,,2020,2020-11-30,BC/LL,A79067,12,66,,Male,Unmarked,,,,4?,0.3,12-Dec,2,Chum,Regular Card,Unknown,Hatchery Rack,385,,
22-2-1-40356,WRIA 07.0943,Wallace River Hatchery,,,2021,2021-11-04,LL,A79014,1,69,,Female,Unmarked,,,,3?,0.2,2,2,Chum,Regular Card,Non-Treaty,Hatchery Rack,521,21JS521,
22-2-1-40356,WRIA 07.0943,Wallace River Hatchery,,,2021,2021-11-04,LL,A79014,2,67,,Male,Unmarked,,,,3?,0.2,2,2,Chum,Regular Card,Non-Treaty,Hatchery Rack,522,21JS522,
22-2-1-40356,WRIA 07.0943,Wallace River Hatchery,,,2021,2021-11-04,LL,A79014,3,77,,Male,Unmarked,,,,4?,0.3,2,2,Chum,Regular Card,Non-Treaty,Hatchery Rack,523,21JS523,
22-2-1-40356,WRIA 07.0943,Wallace River Hatchery,,,2021,2021-11-04,LL,A79014,4,72,,Male,Unmarked,,,,3?,0.2,2,2,Chum,Regular Card,Non-Treaty,Hatchery Rack,524,21JS524,
22-2-1-40356,WRIA 07.0943,Wallace River Hatchery,,,2021,2021-11-04,LL,A79014,5,68,,Male,Unmarked,,,,3?,0.2,2,2,Chum,Regular Card,Non-Treaty,Hatchery Rack,525,21JS525,
22-2-1-40356,WRIA 07.0943,Wallace River Hatchery,,,2021,2021-11-05,LL,A79074,1,72,,Female,Unmarked,,,,4?,0.3,1,2,Chum,Regular Card,Non-Treaty,Hatchery Rack,,21JS501,
22-2-1-40356,WRIA 07.0943,Wallace River Hatchery,,,2021,2021-11-05,LL,A79074,2,69,,Male,Unmarked,,,,3?,0.2,1,2,Chum,Regular Card,Non-Treaty,Hatchery Rack,,21JS502,
22-2-1-40356,WRIA 07.0943,Wallace River Hatchery,,,2021,2021-11-05,LL,A79074,3,66,,Male,Unmarked,,,,3?,0.2,1,2,Chum,Regular Card,Non-Treaty,Hatchery Rack,,21JS503,
22-2-1-40356,WRIA 07.0943,Wallace River Hatchery,,,2021,2021-11-08,LL,A79074,4,74,,Male,Unmarked,,,,3?,0.2,1,2,Chum,Regular Card,Non-Treaty,Hatchery Rack,504,21JS504,
22-2-1-40356,WRIA 07.0943,Wallace River Hatchery,,,2021,2021-11-08,LL,A79074,5,75,,Male,Unmarked,,,,4?,0.3,1,2,Chum,Regular Card,Non-Treaty,Hatchery Rack,505,21JS505,
22-2-1-40356,WRIA 07.0943,Wallace River Hatchery,,,2021,2021-11-08,LL,A79074,6,70,,Male,Unmarked,,,,3?,0.2,1,2,Chum,Regular Card,Non-Treaty,Hatchery Rack,506,21JS506,
22-2-1-40356,WRIA 07.0943,Wallace River Hatchery,,,2021,2021-11-08,LL,A79074,7,70,,Male,Unmarked,,,,3?,0.2,1,2,Chum,Regular Card,Non-Treaty,Hatchery Rack,507,21JS507,
22-2-1-40356,WRIA 07.0943,Wallace River Hatchery,,,2021,2021-11-10,LL,A79074,8,74,,Female,Unmarked,,,,4?,0.3,1,2,Chum,Regular Card,Non-Treaty,Hatchery Rack,508,21JS508,
22-2-1-40356,WRIA 07.0943,Wallace River Hatchery,,,2021,2021-11-11,LL,A79074,9,70,,Male,Unmarked,,,,3?,0.2,1,2,Chum,Regular Card,Non-Treaty,Hatchery Rack,509,21JS509,
22-2-1-40356,WRIA 07.0943,Wallace River Hatchery,,,2021,2021-11-11,LL,A79074,10,72,,Male,Unmarked,,,,3?,0.2,1,2,Chum,Regular Card,Non-Treaty,Hatchery Rack,510,21JS510,
22-2-1-40356,WRIA 07.0943,Wallace River Hatchery,,,2021,2021-11-11,LL,A79074,11,68,,Female,Unmarked,,,,4?,0.3,1,2,Chum,Regular Card,Non-Treaty,Hatchery Rack,511,21JS511,
22-2-1-40356,WRIA 07.0943,Wallace River Hatchery,,,2021,2021-11-11,LL,A79074,12,72,,Male,Unmarked,,,,3?,0.2,1,2,Chum,Regular Card,Non-Treaty,Hatchery Rack,512,21JS512,
22-2-1-40356,WRIA 07.0943,Wallace River Hatchery,,,2021,2021-11-11,LL,A79074,13,68,,Male,Unmarked,,,,3?,0.2,1,2,Chum,Regular Card,Non-Treaty,Hatchery Rack,513,21JS513,
22-2-1-40356,WRIA 07.0943,Wallace River Hatchery,,,2021,2021-11-11,LL,A79074,14,65,,Female,Unmarked,,,,3?,0.2,1,2,Chum,Regular Card,Non-Treaty,Hatchery Rack,514,21JS514,
22-2-1-40356,WRIA 07.0943,Wallace River Hatchery,,,2021,2021-11-11,LL,A79074,15,68,,Female,Unmarked,,,,3?,0.2,1,2,Chum,Regular Card,Non-Treaty,Hatchery Rack,515,21JS515,
22-2-1-40356,WRIA 07.0943,Wallace River Hatchery,,,2021,2021-11-13,LL,A79074,16,70,,Female,Unmarked,,,,4?,0.3,1,2,Chum,Regular Card,Non-Treaty,Hatchery Rack,516,21JS516,
22-2-1-40356,WRIA 07.0943,Wallace River Hatchery,,,2021,2021-11-13,LL,A79074,17,64,,Female,Unmarked,,,,3?,0.2,1,2,Chum,Regular Card,Non-Treaty,Hatchery Rack,517,21JS517,
22-2-1-40356,WRIA 07.0943,Wallace River Hatchery,,,2021,2021-11-13,LL,A79074,18,67,,Male,Unmarked,,,,3?,0.2,1,2,Chum,Regular Card,Non-Treaty,Hatchery Rack,518,21JS518,
22-2-1-40356,WRIA 07.0943,Wallace River Hatchery,,,2021,2021-11-13,LL,A79074,19,75,,Male,Unmarked,,,,3?,0.2,1,2,Chum,Regular Card,Non-Treaty,Hatchery Rack,519,21JS519,
22-2-1-40356,WRIA 07.0943,Wallace River Hatchery,,,2021,2021-11-13,LL,A79074,20,67,,Male,Unmarked,,,,3?,0.2,1,2,Chum,Regular Card,Non-Treaty,Hatchery Rack,520,21JS520,
22-2-1-40356,WRIA 07.0943,Wallace River Hatchery,,,2021,2021-11-15,LL,A79134,1,71,,Male,Unmarked,,,,4?,0.3,3,2,Chum,Regular Card,Non-Treaty,Hatchery Rack,526,21JS526,
22-2-1-40356,WRIA 07.0943,Wallace River Hatchery,,,2021,2021-11-15,LL,A79134,2,68,,Male,Unmarked,,,,3?,0.2,3,2,Chum,Regular Card,Non-Treaty,Hatchery Rack,527,21JS527,
22-2-1-40356,WRIA 07.0943,Wallace River Hatchery,,,2021,2021-11-15,LL,A79134,3,63,,Female,Unmarked,,,,3?,0.2,3,2,Chum,Regular Card,Non-Treaty,Hatchery Rack,528,21JS528,
22-2-1-40356,WRIA 07.0943,Wallace River Hatchery,,,2021,2021-11-15,LL,A79134,4,63,,Female,Unmarked,,,,3?,0.2,3,2,Chum,Regular Card,Non-Treaty,Hatchery Rack,529,21JS529,
22-2-1-40356,WRIA 07.0943,Wallace River Hatchery,,,2021,2021-11-15,LL,A79134,5,64,,Female,Unmarked,,,,3?,0.2,3,2,Chum,Regular Card,Non-Treaty,Hatchery Rack,530,21JS530,
22-2-1-40356,WRIA 07.0943,Wallace River Hatchery,,,2021,2021-11-15,LL,A79134,6,65,,Female,Unmarked,,,,3?,0.2,3,2,Chum,Regular Card,Non-Treaty,Hatchery Rack,531,21JS531,
22-2-1-40356,WRIA 07.0943,Wallace River Hatchery,,,2021,2021-11-15,LL,A79134,7,70,,Female,Unmarked,,,,3?,0.2,3,2,Chum,Regular Card,Non-Treaty,Hatchery Rack,532,21JS532,
22-2-1-40356,WRIA 07.0943,Wallace River Hatchery,,,2021,2021-11-15,LL,A79134,8,67,,Female,Unmarked,,,,4?,0.3,3,2,Chum,Regular Card,Non-Treaty,Hatchery Rack,533,21JS533,
22-2-1-40356,WRIA 07.0943,Wallace River Hatchery,,,2021,2021-11-15,LL,A79134,9,73,,Female,Unmarked,,,,4?,0.3,3,2,Chum,Regular Card,Non-Treaty,Hatchery Rack,534,21JS534,
22-2-1-40356,WRIA 07.0943,Wallace River Hatchery,,,2021,2021-11-15,LL,A79134,10,68,,Female,Unmarked,,,,3?,0.2,3,2,Chum,Regular Card,Non-Treaty,Hatchery Rack,535,21JS535,
22-2-1-40356,WRIA 07.0943,Wallace River Hatchery,,,2021,2021-11-15,LL,A79134,11,70,,Female,Unmarked,,,,3?,0.2,3,2,Chum,Regular Card,Non-Treaty,Hatchery Rack,536,21JS536,
22-2-1-40356,WRIA 07.0943,Wallace River Hatchery,,,2021,2021-11-15,LL,A79134,12,72,,Female,Unmarked,,,,3?,0.2,3,2,Chum,Regular Card,Non-Treaty,Hatchery Rack,537,21JS537,
22-2-1-40356,WRIA 07.0943,Wallace River Hatchery,,,2021,2021-11-15,LL,A79134,13,64,,Female,Unmarked,,,,3?,0.2,3,2,Chum,Regular Card,Non-Treaty,Hatchery Rack,538,21JS538,
22-2-1-40356,WRIA 07.0943,Wallace River Hatchery,,,2021,2021-11-15,LL,A79134,14,66,,Female,Unmarked,,,,3?,0.2,3,2,Chum,Regular Card,Non-Treaty,Hatchery Rack,539,21JS539,
22-2-1-40356,WRIA 07.0943,Wallace River Hatchery,,,2021,2021-11-15,LL,A79134,15,72,,Female,Unmarked,,,,3?,0.2,3,2,Chum,Regular Card,Non-Treaty,Hatchery Rack,540,21JS540,
22-2-1-40356,WRIA 07.0943,Wallace River Hatchery,,,2021,2021-11-15,LL,A79134,16,64,,Female,Unmarked,,,,3?,0.2,3,2,Chum,Regular Card,Non-Treaty,Hatchery Rack,541,21JS541,
22-2-1-40356,WRIA 07.0943,Wallace River Hatchery,,,2021,2021-11-15,LL,A79134,17,67,,Female,Unmarked,,,,3?,0.2,3,2,Chum,Regular Card,Non-Treaty,Hatchery Rack,542,21JS542,
22-2-1-40356,WRIA 07.0943,Wallace River Hatchery,,,2021,2021-11-15,LL,A79134,18,70,,Female,Unmarked,,,,3?,0.2,3,2,Chum,Regular Card,Non-Treaty,Hatchery Rack,543,21JS543,
22-2-1-40356,WRIA 07.0943,Wallace River Hatchery,,,2021,2021-11-15,LL,A79134,19,62,,Female,Unmarked,,,,4?,0.3,3,2,Chum,Regular Card,Non-Treaty,Hatchery Rack,544,21JS544,
22-2-1-40356,WRIA 07.0943,Wallace River Hatchery,,,2021,2021-11-15,LL,A79134,20,65,,Female,Unmarked,,,,3?,0.2,3,2,Chum,Regular Card,Non-Treaty,Hatchery Rack,545,21JS545,
22-2-1-40356,WRIA 07.0943,Wallace River Hatchery,,,2021,2021-11-15,LL,A79135,1,72,,Female,Unmarked,,,,5?,0.4,4,2,Chum,Regular Card,Non-Treaty,Hatchery Rack,546,21JS546,
22-2-1-40356,WRIA 07.0943,Wallace River Hatchery,,,2021,2021-11-15,LL,A79135,2,71,,Female,Unmarked,,,,4?,0.3,4,2,Chum,Regular Card,Non-Treaty,Hatchery Rack,547,21JS547,
22-2-1-40356,WRIA 07.0943,Wallace River Hatchery,,,2021,2021-11-15,LL,A79135,3,66,,Male,Unmarked,,,,3?,0.2,4,2,Chum,Regular Card,Non-Treaty,Hatchery Rack,548,21JS548,
22-2-1-40356,WRIA 07.0943,Wallace River Hatchery,,,2021,2021-11-15,LL,A79135,4,68,,Male,Unmarked,,,,3?,0.2,4,2,Chum,Regular Card,Non-Treaty,Hatchery Rack,549,21JS549,
22-2-1-40356,WRIA 07.0943,Wallace River Hatchery,,,2021,2021-11-15,LL,A79135,5,72,,Male,Unmarked,,,,3?,0.2,4,2,Chum,Regular Card,Non-Treaty,Hatchery Rack,550,21JS550,
22-2-1-40356,WRIA 07.0943,Wallace River Hatchery,,,2021,2021-11-15,LL,A79135,6,77,,Male,Unmarked,,,,4?,0.3,4,2,Chum,Regular Card,Non-Treaty,Hatchery Rack,551,21JS551,
22-2-1-40356,WRIA 07.0943,Wallace River Hatchery,,,2021,2021-11-15,LL,A79135,7,85,,Male,Unmarked,,,,4?,0.3,4,2,Chum,Regular Card,Non-Treaty,Hatchery Rack,552,21JS552,
22-2-1-40356,WRIA 07.0943,Wallace River Hatchery,,,2021,2021-11-15,LL,A79135,8,82,,Male,Unmarked,,,,4?,0.3,4,2,Chum,Regular Card,Non-Treaty,Hatchery Rack,553,21JS553,
22-2-1-40356,WRIA 07.0943,Wallace River Hatchery,,,2021,2021-11-15,LL,A79135,9,74,,Male,Unmarked,,,,3?,0.2,4,2,Chum,Regular Card,Non-Treaty,Hatchery Rack,554,21JS554,
22-2-1-40356,WRIA 07.0943,Wallace River Hatchery,,,2021,2021-11-15,LL,A79135,10,74,,Male,Unmarked,,,,3?,0.2,4,2,Chum,Regular Card,Non-Treaty,Hatchery Rack,555,21JS555,
22-2-1-40356,WRIA 07.0943,Wallace River Hatchery,,,2021,2021-11-15,LL,A79135,11,76,,Male,Unmarked,,,,3?,0.2,4,2,Chum,Regular Card,Non-Treaty,Hatchery Rack,556,21JS556,
22-2-1-40356,WRIA 07.0943,Wallace River Hatchery,,,2021,2021-11-15,LL,A79135,12,79,,Male,Unmarked,,,,4?,0.3,4,2,Chum,Regular Card,Non-Treaty,Hatchery Rack,557,21JS557,
22-2-1-40356,WRIA 07.0943,Wallace River Hatchery,,,2021,2021-11-15,LL,A79135,13,66,,Male,Unmarked,,,,3?,0.2,4,2,Chum,Regular Card,Non-Treaty,Hatchery Rack,558,21JS558,
22-2-1-40356,WRIA 07.0943,Wallace River Hatchery,,,2021,2021-11-15,LL,A79135,14,70,,Male,Unmarked,,,,3?,0.2,4,2,Chum,Regular Card,Non-Treaty,Hatchery Rack,559,21JS559,
22-2-1-40356,WRIA 07.0943,Wallace River Hatchery,,,2021,2021-11-15,LL,A79135,15,64,,Male,Unmarked,,,,3?,0.2,4,2,Chum,Regular Card,Non-Treaty,Hatchery Rack,560,21JS560,
22-2-1-40356,WRIA 07.0943,Wallace River Hatchery,,,2021,2021-11-15,LL,A79135,16,69,,Male,Unmarked,,,,3?,0.2,4,2,Chum,Regular Card,Non-Treaty,Hatchery Rack,561,21JS561,
22-2-1-40356,WRIA 07.0943,Wallace River Hatchery,,,2021,2021-11-15,LL,A79135,17,70,,Male,Unmarked,,,,3?,0.2,4,2,Chum,Regular Card,Non-Treaty,Hatchery Rack,562,21JS562,
22-2-1-40356,WRIA 07.0943,Wallace River Hatchery,,,2021,2021-11-15,LL,A79135,18,87,,Male,Unmarked,,,,4?,0.3,4,2,Chum,Regular Card,Non-Treaty,Hatchery Rack,563,21JS563,
22-2-1-40356,WRIA 07.0943,Wallace River Hatchery,,,2021,2021-11-15,LL,A79135,19,68,,Male,Unmarked,,,,3?,0.2,4,2,Chum,Regular Card,Non-Treaty,Hatchery Rack,564,21JS564,
22-2-1-40356,WRIA 07.0943,Wallace River Hatchery,,,2021,2021-11-15,LL,A79135,20,78,,Male,Unmarked,,,,3?,0.2,4,2,Chum,Regular Card,Non-Treaty,Hatchery Rack,565,21JS565,
22-2-1-40356,WRIA 07.0943,Wallace River Hatchery,,,2021,2021-11-15,LL,A79136,1,74,,Male,Unmarked,,,,3?,0.2,5,2,Chum,Regular Card,Non-Treaty,Hatchery Rack,566,21JS566,
22-2-1-40356,WRIA 07.0943,Wallace River Hatchery,,,2021,2021-11-15,LL,A79136,2,71,,Male,Unmarked,,,,3?,0.2,5,2,Chum,Regular Card,Non-Treaty,Hatchery Rack,,21JS567,
22-2-1-40356,WRIA 07.0943,Wallace River Hatchery,,,2021,2021-11-23,LL,A79137,1,69,,Male,Unmarked,,,,3?,0.2,6,2,Chum,Regular Card,Non-Treaty,Hatchery Rack,568,21JS568,
22-2-1-40356,WRIA 07.0943,Wallace River Hatchery,,,2021,2021-11-23,LL,A79137,2,74,,Male,Unmarked,,,,3?,0.2,6,2,Chum,Regular Card,Non-Treaty,Hatchery Rack,569,21JS569,
22-2-1-40356,WRIA 07.0943,Wallace River Hatchery,,,2021,2021-11-23,LL,A79137,3,76,,Male,Unmarked,,,,3?,0.2,6,2,Chum,Regular Card,Non-Treaty,Hatchery Rack,570,21JS570,
22-2-1-40356,WRIA 07.0943,Wallace River Hatchery,,,2021,2021-11-23,LL,A79137,4,70,,Male,Unmarked,,,,3?,0.2,6,2,Chum,Regular Card,Non-Treaty,Hatchery Rack,571,21JS571,
22-2-1-40356,WRIA 07.0943,Wallace River Hatchery,,,2021,2021-11-23,LL,A79137,5,70,,Male,Unmarked,,,,3?,0.2,6,2,Chum,Regular Card,Non-Treaty,Hatchery Rack,572,21JS572,
22-2-1-40356,WRIA 07.0943,Wallace River Hatchery,,,2021,2021-11-23,LL,A79137,6,73,,Male,Unmarked,,,,3?,0.2,6,2,Chum,Regular Card,Non-Treaty,Hatchery Rack,573,21JS573,
22-2-1-40356,WRIA 07.0943,Wallace River Hatchery,,,2021,2021-11-23,LL,A79137,7,65,,Male,Unmarked,,,,3?,0.2,6,2,Chum,Regular Card,Non-Treaty,Hatchery Rack,574,21JS574,
22-2-1-40356,WRIA 07.0943,Wallace River Hatchery,,,2021,2021-11-23,LL,A79137,8,66,,Male,Unmarked,,,,,,6,2,Chum,Regular Card,Non-Treaty,Hatchery Rack,575,21JS575,
22-2-1-40356,WRIA 07.0943,Wallace River Hatchery,,,2021,2021-11-23,LL,A79137,9,68,,Male,Unmarked,,,,3?,0.2,6,2,Chum,Regular Card,Non-Treaty,Hatchery Rack,576,21JS576,
22-2-1-40356,WRIA 07.0943,Wallace River Hatchery,,,2021,2021-11-23,LL,A79137,10,68,,Male,Unmarked,,,,3?,0.2,6,2,Chum,Regular Card,Non-Treaty,Hatchery Rack,577,21JS577,
22-2-1-40356,WRIA 07.0943,Wallace River Hatchery,,,2021,2021-11-23,LL,A79137,11,81,,Male,Unmarked,,,,5?,0.4,6,2,Chum,Regular Card,Non-Treaty,Hatchery Rack,578,,
22-2-1-40356,WRIA 07.0943,Wallace River Hatchery,,,2021,2021-11-23,LL,A79137,12,72,,Female,Unmarked,,,,4?,0.3,6,2,Chum,Regular Card,Non-Treaty,Hatchery Rack,579,21JS579,
22-2-1-40356,WRIA 07.0943,Wallace River Hatchery,,,2021,2021-11-23,LL,A79137,13,69,,Female,Unmarked,,,,3?,0.2,6,2,Chum,Regular Card,Non-Treaty,Hatchery Rack,580,21JS580,
22-2-1-40356,WRIA 07.0943,Wallace River Hatchery,,,2021,2021-11-23,LL,A79137,14,68,,Female,Unmarked,,,,3?,0.2,6,2,Chum,Regular Card,Non-Treaty,Hatchery Rack,581,21JS581,
22-2-1-40356,WRIA 07.0943,Wallace River Hatchery,,,2021,2021-11-23,LL,A79137,15,66,,Female,Unmarked,,,,3?,0.2,6,2,Chum,Regular Card,Non-Treaty,Hatchery Rack,582,21JS582,
22-2-1-40356,WRIA 07.0943,Wallace River Hatchery,,,2021,2021-11-23,LL,A79137,16,68,,Female,Unmarked,,,,4?,0.3,6,2,Chum,Regular Card,Non-Treaty,Hatchery Rack,583,21JS583,
22-2-1-40356,WRIA 07.0943,Wallace River Hatchery,,,2021,2021-11-23,LL,A79137,17,64,,Female,Unmarked,,,,3?,0.2,6,2,Chum,Regular Card,Non-Treaty,Hatchery Rack,584,21JS584,
22-2-1-40356,WRIA 07.0943,Wallace River Hatchery,,,2021,2021-11-23,LL,A79137,18,66,,Female,Unmarked,,,,4?,0.3,6,2,Chum,Regular Card,Non-Treaty,Hatchery Rack,585,21JS585,
22-2-1-40356,WRIA 07.0943,Wallace River Hatchery,,,2021,2021-11-23,LL,A79137,19,60,,Female,Unmarked,,,,3?,0.2,6,2,Chum,Regular Card,Non-Treaty,Hatchery Rack,586,21JS586,
22-2-1-40356,WRIA 07.0943,Wallace River Hatchery,,,2021,2021-11-23,LL,A79137,20,71,,Female,Unmarked,,,,3?,0.2,6,2,Chum,Regular Card,Non-Treaty,Hatchery Rack,587,21JS587,
22-2-1-40356,WRIA 07.0943,Wallace River Hatchery,,,2021,2021-11-23,LL,A79138,1,79,,Female,Unmarked,,,,5?,0.4,7,2,Chum,Regular Card,Non-Treaty,Hatchery Rack,588,21JS588,
22-2-1-40356,WRIA 07.0943,Wallace River Hatchery,,,2021,2021-11-23,LL,A79138,2,71,,Female,Unmarked,,,,3?,0.2,7,2,Chum,Regular Card,Non-Treaty,Hatchery Rack,589,21JS589,
22-2-1-40356,WRIA 07.0943,Wallace River Hatchery,,,2021,2021-11-23,LL,A79138,3,69,,Female,Unmarked,,,,3?,0.2,7,2,Chum,Regular Card,Non-Treaty,Hatchery Rack,590,21JS590,
22-2-1-40356,WRIA 07.0943,Wallace River Hatchery,,,2021,2021-11-23,LL,A79138,4,67,,Female,Unmarked,,,,3?,0.2,7,2,Chum,Regular Card,Non-Treaty,Hatchery Rack,591,21JS591,
22-2-1-40356,WRIA 07.0943,Wallace River Hatchery,,,2021,2021-11-29,LL,A79139,1,75,,Female,Unmarked,,,,5?,0.4,9,2,Chum,Regular Card,Non-Treaty,Hatchery Rack,612,21JS612,
22-2-1-40356,WRIA 07.0943,Wallace River Hatchery,,,2021,2021-11-29,LL,A79139,2,74,,Female,Unmarked,,,,3?,0.2,9,2,Chum,Regular Card,Non-Treaty,Hatchery Rack,613,21JS613,
22-2-1-40356,WRIA 07.0943,Wallace River Hatchery,,,2021,2021-11-29,LL,A79139,3,57,,Female,Unmarked,,,,4?,0.3,9,2,Chum,Regular Card,Non-Treaty,Hatchery Rack,614,21JS614,
22-2-1-40356,WRIA 07.0943,Wallace River Hatchery,,,2021,2021-11-29,LL,A79139,4,75,,Female,Unmarked,,,,4?,0.3,9,2,Chum,Regular Card,Non-Treaty,Hatchery Rack,615,21JS615,
22-2-1-40356,WRIA 07.0943,Wallace River Hatchery,,,2021,2021-11-29,LL,A79139,5,77,,Male,Unmarked,,,,3?,0.2,9,2,Chum,Regular Card,Non-Treaty,Hatchery Rack,616,21JS616,
22-2-1-40356,WRIA 07.0943,Wallace River Hatchery,,,2021,2021-11-29,LL,A79139,6,71,,Male,Unmarked,,,,3?,0.2,9,2,Chum,Regular Card,Non-Treaty,Hatchery Rack,617,21JS617,
22-2-1-40356,WRIA 07.0943,Wallace River Hatchery,,,2021,2021-11-29,LL,A79139,7,73,,Male,Unmarked,,,,3?,0.2,9,2,Chum,Regular Card,Non-Treaty,Hatchery Rack,618,21JS618,
22-2-1-40356,WRIA 07.0943,Wallace River Hatchery,,,2021,2021-11-29,LL,A79139,8,69,,Male,Unmarked,,,,3?,0.2,9,2,Chum,Regular Card,Non-Treaty,Hatchery Rack,619,21JS619,
22-2-1-40356,WRIA 07.0943,Wallace River Hatchery,,,2021,2021-11-29,LL,A79139,9,66,,Male,Unmarked,,,,3?,0.2,9,2,Chum,Regular Card,Non-Treaty,Hatchery Rack,620,21JS620,
22-2-1-40356,WRIA 07.0943,Wallace River Hatchery,,,2021,2021-11-29,LL,A79139,10,72,,Male,Unmarked,,,,3?,0.2,9,2,Chum,Regular Card,Non-Treaty,Hatchery Rack,621,21JS621,
22-2-1-40356,WRIA 07.0943,Wallace River Hatchery,,,2021,2021-11-29,LL,A79139,11,82,,Male,Unmarked,,,,4?,0.3,9,2,Chum,Regular Card,Non-Treaty,Hatchery Rack,622,21JS622,
22-2-1-40356,WRIA 07.0943,Wallace River Hatchery,,,2021,2021-11-29,LL,A79139,12,83,,Male,Unmarked,,,,3?,0.2,9,2,Chum,Regular Card,Non-Treaty,Hatchery Rack,623,21JS623,
22-2-1-40356,WRIA 07.0943,Wallace River Hatchery,,,2021,2021-11-29,LL,A79139,13,56,,Male,Unmarked,,,,3?,0.2,9,2,Chum,Regular Card,Non-Treaty,Hatchery Rack,624,21JS624,
22-2-1-40356,WRIA 07.0943,Wallace River Hatchery,,,2021,2021-11-29,LL,A79139,14,71,,Male,Unmarked,,,,3?,0.2,9,2,Chum,Regular Card,Non-Treaty,Hatchery Rack,625,21JS625,
22-2-1-40356,WRIA 07.0943,Wallace River Hatchery,,,2021,2021-11-29,LL,A79139,15,67,,Male,Unmarked,,,,3?,0.2,9,2,Chum,Regular Card,Non-Treaty,Hatchery Rack,626,21JS626,
22-2-1-40356,WRIA 07.0943,Wallace River Hatchery,,,2021,2021-11-29,LL,A79139,16,71,,Male,Unmarked,,,,3?,0.2,9,2,Chum,Regular Card,Non-Treaty,Hatchery Rack,627,21JS627,
22-2-1-40356,WRIA 07.0943,Wallace River Hatchery,,,2021,2021-11-29,LL,A79139,17,63,,Male,Unmarked,,,,3?,0.2,9,2,Chum,Regular Card,Non-Treaty,Hatchery Rack,628,21JS628,
22-2-1-40356,WRIA 07.0943,Wallace River Hatchery,,,2021,2021-11-29,LL,A79139,18,70,,Male,Unmarked,,,,4?,0.3,9,2,Chum,Regular Card,Non-Treaty,Hatchery Rack,629,21JS629,
22-2-1-40356,WRIA 07.0943,Wallace River Hatchery,,,2021,2021-11-29,LL,A79139,19,79,,Male,Unmarked,,,,3?,0.2,9,2,Chum,Regular Card,Non-Treaty,Hatchery Rack,630,21JS630,
22-2-1-40356,WRIA 07.0943,Wallace River Hatchery,,,2021,2021-11-29,LL,A79139,20,70,,Male,Unmarked,,,,3?,0.2,9,2,Chum,Regular Card,Non-Treaty,Hatchery Rack,631,21JS631,
22-2-1-40356,WRIA 07.0943,Wallace River Hatchery,,,2021,2021-11-29,LL,A79145,1,66,,Male,Unmarked,,,,3?,0.2,10,2,Chum,Regular Card,Non-Treaty,Hatchery Rack,632,21JS632,
22-2-1-40356,WRIA 07.0943,Wallace River Hatchery,,,2021,2021-11-29,LL,A79145,2,72,,Male,Unmarked,,,,,,10,2,Chum,Regular Card,Non-Treaty,Hatchery Rack,633,21JS633,
22-2-1-40356,WRIA 07.0943,Wallace River Hatchery,,,2021,2021-11-29,LL,A79145,3,74,,Male,Unmarked,,,,3?,0.2,10,2,Chum,Regular Card,Non-Treaty,Hatchery Rack,634,21JS634,
22-2-1-40356,WRIA 07.0943,Wallace River Hatchery,,,2021,2021-11-29,LL,A79145,4,71,,Male,Unmarked,,,,3?,0.2,10,2,Chum,Regular Card,Non-Treaty,Hatchery Rack,635,21JS635,
22-2-1-40356,WRIA 07.0943,Wallace River Hatchery,,,2021,2021-11-29,LL,A79145,5,75,,Male,Unmarked,,,,3?,0.2,10,2,Chum,Regular Card,Non-Treaty,Hatchery Rack,636,21JS636,
22-2-1-40356,WRIA 07.0943,Wallace River Hatchery,,,2021,2021-11-29,LL,A79145,6,73,,Male,Unmarked,,,,4?,0.3,10,2,Chum,Regular Card,Non-Treaty,Hatchery Rack,637,21JS637,
22-2-1-40356,WRIA 07.0943,Wallace River Hatchery,,,2021,2021-11-29,LL,A79145,7,67,,Male,Unmarked,,,,4?,0.3,10,2,Chum,Regular Card,Non-Treaty,Hatchery Rack,638,21JS638,
22-2-1-40356,WRIA 07.0943,Wallace River Hatchery,,,2021,2021-11-29,LL,A79145,8,72,,Male,Unmarked,,,,3?,0.2,10,2,Chum,Regular Card,Non-Treaty,Hatchery Rack,639,21JS639,
22-2-1-40356,WRIA 07.0943,Wallace River Hatchery,,,2021,2021-11-29,LL,A79145,9,82,,Male,Unmarked,,,,4?,0.3,10,2,Chum,Regular Card,Non-Treaty,Hatchery Rack,640,21JS640,
22-2-1-40356,WRIA 07.0943,Wallace River Hatchery,,,2021,2021-11-29,LL,A79145,10,68,,Male,Unmarked,,,,4?,0.3,10,2,Chum,Regular Card,Non-Treaty,Hatchery Rack,641,21JS641,
22-2-1-40356,WRIA 07.0943,Wallace River Hatchery,,,2021,2021-11-29,LL,A79145,11,71,,Male,Unmarked,,,,,,10,2,Chum,Regular Card,Non-Treaty,Hatchery Rack,642,21JS642,
22-2-1-40356,WRIA 07.0943,Wallace River Hatchery,,,2021,2021-11-29,LL,A79146,1,69,,Female,Unmarked,,,,3?,0.2,8,2,Chum,Regular Card,Non-Treaty,Hatchery Rack,592,21JS592,
22-2-1-40356,WRIA 07.0943,Wallace River Hatchery,,,2021,2021-11-29,LL,A79146,2,69,,Female,Unmarked,,,,3?,0.2,8,2,Chum,Regular Card,Non-Treaty,Hatchery Rack,593,21JS593,
22-2-1-40356,WRIA 07.0943,Wallace River Hatchery,,,2021,2021-11-29,LL,A79146,3,67,,Female,Unmarked,,,,3?,0.2,8,2,Chum,Regular Card,Non-Treaty,Hatchery Rack,594,21JS594,
22-2-1-40356,WRIA 07.0943,Wallace River Hatchery,,,2021,2021-11-29,LL,A79146,4,61,,Female,Unmarked,,,,3?,0.2,8,2,Chum,Regular Card,Non-Treaty,Hatchery Rack,595,21JS595,
22-2-1-40356,WRIA 07.0943,Wallace River Hatchery,,,2021,2021-11-29,LL,A79146,5,76,,Female,Unmarked,,,,4?,0.3,8,2,Chum,Regular Card,Non-Treaty,Hatchery Rack,596,21JS596,
22-2-1-40356,WRIA 07.0943,Wallace River Hatchery,,,2021,2021-11-29,LL,A79146,6,74,,Female,Unmarked,,,,4?,0.3,8,2,Chum,Regular Card,Non-Treaty,Hatchery Rack,597,21JS597,
22-2-1-40356,WRIA 07.0943,Wallace River Hatchery,,,2021,2021-11-29,LL,A79146,7,72,,Female,Unmarked,,,,4?,0.3,8,2,Chum,Regular Card,Non-Treaty,Hatchery Rack,598,21JS598,
22-2-1-40356,WRIA 07.0943,Wallace River Hatchery,,,2021,2021-11-29,LL,A79146,8,68,,Female,Unmarked,,,,3?,0.2,8,2,Chum,Regular Card,Non-Treaty,Hatchery Rack,599,21JS599,
22-2-1-40356,WRIA 07.0943,Wallace River Hatchery,,,2021,2021-11-29,LL,A79146,9,70,,Female,Unmarked,,,,3?,0.2,8,2,Chum,Regular Card,Non-Treaty,Hatchery Rack,600,21JS600,
22-2-1-40356,WRIA 07.0943,Wallace River Hatchery,,,2021,2021-11-29,LL,A79146,10,67,,Female,Unmarked,,,,,,8,2,Chum,Regular Card,Non-Treaty,Hatchery Rack,601,21JS601,
22-2-1-40356,WRIA 07.0943,Wallace River Hatchery,,,2021,2021-11-29,LL,A79146,11,68,,Female,Unmarked,,,,3?,0.2,8,2,Chum,Regular Card,Non-Treaty,Hatchery Rack,602,21JS602,
22-2-1-40356,WRIA 07.0943,Wallace River Hatchery,,,2021,2021-11-29,LL,A79146,12,69,,Female,Unmarked,,,,3?,0.2,8,2,Chum,Regular Card,Non-Treaty,Hatchery Rack,603,21JS603,
22-2-1-40356,WRIA 07.0943,Wallace River Hatchery,,,2021,2021-11-29,LL,A79146,13,64,,Female,Unmarked,,,,3?,0.2,8,2,Chum,Regular Card,Non-Treaty,Hatchery Rack,604,21JS604,
22-2-1-40356,WRIA 07.0943,Wallace River Hatchery,,,2021,2021-11-29,LL,A79146,14,67,,Female,Unmarked,,,,3?,0.2,8,2,Chum,Regular Card,Non-Treaty,Hatchery Rack,605,21JS605,
22-2-1-40356,WRIA 07.0943,Wallace River Hatchery,,,2021,2021-11-29,LL,A79146,15,69,,Female,Unmarked,,,,3?,0.2,8,2,Chum,Regular Card,Non-Treaty,Hatchery Rack,606,21JS606,
22-2-1-40356,WRIA 07.0943,Wallace River Hatchery,,,2021,2021-11-29,LL,A79146,16,59,,Female,Unmarked,,,,3?,0.2,8,2,Chum,Regular Card,Non-Treaty,Hatchery Rack,607,21JS607,
22-2-1-40356,WRIA 07.0943,Wallace River Hatchery,,,2021,2021-11-29,LL,A79146,17,69,,Female,Unmarked,,,,3?,0.2,8,2,Chum,Regular Card,Non-Treaty,Hatchery Rack,608,21JS608,
22-2-1-40356,WRIA 07.0943,Wallace River Hatchery,,,2021,2021-11-29,LL,A79146,18,67,,Female,Unmarked,,,,3?,0.2,8,2,Chum,Regular Card,Non-Treaty,Hatchery Rack,609,21JS609,
22-2-1-40356,WRIA 07.0943,Wallace River Hatchery,,,2021,2021-11-29,LL,A79146,19,66,,Female,Unmarked,,,,3?,0.2,8,2,Chum,Regular Card,Non-Treaty,Hatchery Rack,610,21JS610,
22-2-1-40356,WRIA 07.0943,Wallace River Hatchery,,,2021,2021-11-29,LL,A79146,20,70,,Female,Unmarked,,,,3?,0.2,8,2,Chum,Regular Card,Non-Treaty,Hatchery Rack,611,21JS611,
22-2-1-40356,WRIA 07.0943,Wallace River Hatchery,,,2021,2021-12-06,LL,A79140,1,76,,Male,Unmarked,,,,5?,0.4,1,2,Chum,Regular Card,Non-Treaty,Hatchery Rack,643,21JS643,
23-1-17-44421,WRIA 07.0943,Wallace River Hatchery,,,2022,2022-10-26,LL,A70112,1,70,,Female,Unmarked,,,,4?,0.3,1,2,Chum,Regular Card,Non-Treaty,Broodstock Collection,1,22OZ01,
23-1-17-44421,WRIA 07.0943,Wallace River Hatchery,,,2022,2022-10-26,LL,A70112,2,74,,Female,Unmarked,,,,4?,0.3,1,2,Chum,Regular Card,Non-Treaty,Broodstock Collection,2,22OZ02,
23-1-17-44421,WRIA 07.0943,Wallace River Hatchery,,,2022,2022-10-26,LL,A70112,3,68,,Female,Unmarked,,,,4?,0.3,1,2,Chum,Regular Card,Non-Treaty,Broodstock Collection,3,22OZ03,
23-1-17-44421,WRIA 07.0943,Wallace River Hatchery,,,2022,2022-10-26,LL,A70112,4,73,,Female,Unmarked,,,,4?,0.3,1,2,Chum,Regular Card,Non-Treaty,Broodstock Collection,4,22OZ04,
23-1-17-44421,WRIA 07.0943,Wallace River Hatchery,,,2022,2022-10-26,LL,A70112,5,85,,Male,Unmarked,,,,4?,0.3,1,2,Chum,Regular Card,Non-Treaty,Broodstock Collection,5,22OZ05,
23-1-17-44421,WRIA 07.0943,Wallace River Hatchery,,,2022,2022-10-26,LL,A70112,6,78,,Male,Unmarked,,,,,,1,2,Chum,Regular Card,Non-Treaty,Broodstock Collection,6,22OZ06,
23-1-17-44421,WRIA 07.0943,Wallace River Hatchery,,,2022,2022-10-26,LL,A70112,7,76,,Male,Unmarked,,,,4?,0.3,1,2,Chum,Regular Card,Non-Treaty,Broodstock Collection,7,22OZ07,
23-1-17-44421,WRIA 07.0943,Wallace River Hatchery,,,2022,2022-10-26,LL,A70112,8,75,,Male,Unmarked,,,,4?,0.3,1,2,Chum,Regular Card,Non-Treaty,Broodstock Collection,8,22OZ08,
23-1-17-44421,WRIA 07.0943,Wallace River Hatchery,,,2022,2022-10-31,LL,A70113,1,74,,Male,Unmarked,,,,4?,0.3,1,2,Chum,Regular Card,Non-Treaty,Broodstock Collection,9,22OZ9,
23-1-17-44421,WRIA 07.0943,Wallace River Hatchery,,,2022,2022-10-31,LL,A70113,2,80,,Male,Unmarked,,,,4?,0.3,1,2,Chum,Regular Card,Non-Treaty,Broodstock Collection,10,22OZ10,
23-1-17-44421,WRIA 07.0943,Wallace River Hatchery,,,2022,2022-11-03,LL,A70137,1,71,,Female,Unmarked,,,,,,1,2,Chum,Regular Card,Non-Treaty,Broodstock Collection,11,22OZ11,
23-1-17-44421,WRIA 07.0943,Wallace River Hatchery,,,2022,2022-11-03,LL,A70137,2,79,,Male,Unmarked,,,,,,1,2,Chum,Regular Card,Non-Treaty,Broodstock Collection,12,22OZ12,
23-1-17-44421,WRIA 07.0943,Wallace River Hatchery,,,2022,2022-11-03,LL,A70137,3,73,,Female,Unmarked,,,,4?,0.3,1,2,Chum,Regular Card,Non-Treaty,Broodstock Collection,13,22OZ13,
23-1-17-44421,WRIA 07.0943,Wallace River Hatchery,,,2022,2022-11-03,LL,A70137,4,74,,Female,Unmarked,,,,,,1,2,Chum,Regular Card,Non-Treaty,Broodstock Collection,14,22OZ14,
23-1-17-44421,WRIA 07.0943,Wallace River Hatchery,,,2022,2022-11-03,LL,A70137,5,72,,Female,Unmarked,,,,,,1,2,Chum,Regular Card,Non-Treaty,Broodstock Collection,15,22OZ15,
23-1-17-44421,WRIA 07.0943,Wallace River Hatchery,,,2022,2022-11-03,LL,A70137,6,71,,Female,Unmarked,,,,4?,0.3,1,2,Chum,Regular Card,Non-Treaty,Broodstock Collection,16,22OZ16,
23-1-17-44421,WRIA 07.0943,Wallace River Hatchery,,,2022,2022-11-07,KK/CM,A70114,1,70,,Female,Unmarked,,,,4?,0.3,1,2,Chum,Regular Card,Non-Treaty,Spwning Ground Survey,17,22OZ17,
23-1-17-44421,WRIA 07.0943,Wallace River Hatchery,,,2022,2022-11-07,KK/CM,A70114,2,72,,Female,Unmarked,,,,4?,0.3,1,2,Chum,Regular Card,Non-Treaty,Spwning Ground Survey,18,22OZ18,
23-1-17-44421,WRIA 07.0943,Wallace River Hatchery,,,2022,2022-11-07,KK/CM,A70114,3,66,,Female,Unmarked,,,,4?,0.3,1,2,Chum,Regular Card,Non-Treaty,Spwning Ground Survey,19,22OZ19,
23-1-17-44421,WRIA 07.0943,Wallace River Hatchery,,,2022,2022-11-07,KK/CM,A70114,4,69,,Female,Unmarked,,,,4?,0.3,1,2,Chum,Regular Card,Non-Treaty,Spwning Ground Survey,20,22OZ20,
23-1-17-44421,WRIA 07.0943,Wallace River Hatchery,,,2022,2022-11-07,KK/CM,A70114,5,63,,Female,Unmarked,,,,4?,0.3,1,2,Chum,Regular Card,Non-Treaty,Spwning Ground Survey,21,22OZ21,
23-1-17-44421,WRIA 07.0943,Wallace River Hatchery,,,2022,2022-11-07,KK/CM,A70114,6,69,,Female,Unmarked,,,,4?,0.3,1,2,Chum,Regular Card,Non-Treaty,Spwning Ground Survey,22,22OZ22,
23-1-17-44421,WRIA 07.0943,Wallace River Hatchery,,,2022,2022-11-07,KK/CM,A70114,7,72,,Female,Unmarked,,,,4?,0.3,1,2,Chum,Regular Card,Non-Treaty,Spwning Ground Survey,23,22OZ23,
23-1-17-44421,WRIA 07.0943,Wallace River Hatchery,,,2022,2022-11-07,KK/CM,A70114,8,68,,Female,Unmarked,,,,4?,0.3,1,2,Chum,Regular Card,Non-Treaty,Spwning Ground Survey,24,22OZ24,
23-1-17-44421,WRIA 07.0943,Wallace River Hatchery,,,2022,2022-11-07,KK/CM,A70114,9,70,,Female,Unmarked,,,,4?,0.3,1,2,Chum,Regular Card,Non-Treaty,Spwning Ground Survey,25,22OZ25,
23-1-17-44421,WRIA 07.0943,Wallace River Hatchery,,,2022,2022-11-07,KK/CM,A70114,10,73,,Female,Unmarked,,,,4?,0.3,1,2,Chum,Regular Card,Non-Treaty,Spwning Ground Survey,26,22OZ26,
23-1-17-44421,WRIA 07.0943,Wallace River Hatchery,,,2022,2022-11-07,KK/CM,A70114,11,78,,Female,Unmarked,,,,4?,0.3,1,2,Chum,Regular Card,Non-Treaty,Spwning Ground Survey,27,22OZ27,
23-1-17-44421,WRIA 07.0943,Wallace River Hatchery,,,2022,2022-11-07,KK/CM,A70114,12,69,,Female,Unmarked,,,,4?,0.3,1,2,Chum,Regular Card,Non-Treaty,Spwning Ground Survey,28,22OZ28,
23-1-17-44421,WRIA 07.0943,Wallace River Hatchery,,,2022,2022-11-07,KK/CM,A70114,13,66,,Female,Unmarked,,,,4?,0.3,1,2,Chum,Regular Card,Non-Treaty,Spwning Ground Survey,29,22OZ29,
23-1-17-44421,WRIA 07.0943,Wallace River Hatchery,,,2022,2022-11-07,KK/CM,A70114,14,69,,Female,Unmarked,,,,4?,0.3,1,2,Chum,Regular Card,Non-Treaty,Spwning Ground Survey,30,22OZ30,
23-1-17-44421,WRIA 07.0943,Wallace River Hatchery,,,2022,2022-11-07,KK/CM,A70114,15,74,,Female,Unmarked,,,,4?,0.3,1,2,Chum,Regular Card,Non-Treaty,Spwning Ground Survey,31,22OZ31,
23-1-17-44421,WRIA 07.0943,Wallace River Hatchery,,,2022,2022-11-07,KK/CM,A70114,16,70,,Female,Unmarked,,,,4?,0.3,1,2,Chum,Regular Card,Non-Treaty,Spwning Ground Survey,32,22OZ32,
23-1-17-44421,WRIA 07.0943,Wallace River Hatchery,,,2022,2022-11-07,KK/CM,A70114,17,64,,Female,Unmarked,,,,4?,0.3,1,2,Chum,Regular Card,Non-Treaty,Spwning Ground Survey,33,22OZ33,
23-1-17-44421,WRIA 07.0943,Wallace River Hatchery,,,2022,2022-11-07,KK/CM,A70114,18,77,,Female,Unmarked,,,,4?,0.3,1,2,Chum,Regular Card,Non-Treaty,Spwning Ground Survey,34,22OZ34,
23-1-17-44421,WRIA 07.0943,Wallace River Hatchery,,,2022,2022-11-07,KK/CM,A70114,19,74,,Female,Unmarked,,,,4?,0.3,1,2,Chum,Regular Card,Non-Treaty,Spwning Ground Survey,35,22OZ35,
23-1-17-44421,WRIA 07.0943,Wallace River Hatchery,,,2022,2022-11-07,KK/CM,A70114,20,66,,Female,Unmarked,,,,4?,0.3,1,2,Chum,Regular Card,Non-Treaty,Spwning Ground Survey,36,22OZ36,
23-1-17-44421,WRIA 07.0943,Wallace River Hatchery,,,2022,2022-11-07,KK/CM,A70115,1,72,,Female,Unmarked,,,,4?,0.3,2,2,Chum,Regular Card,Non-Treaty,Broodstock Collection,37,22OZ37,
23-1-17-44421,WRIA 07.0943,Wallace River Hatchery,,,2022,2022-11-07,KK/CM,A70115,2,68,,Female,Unmarked,,,,4?,0.3,2,2,Chum,Regular Card,Non-Treaty,Broodstock Collection,38,22OZ38,
23-1-17-44421,WRIA 07.0943,Wallace River Hatchery,,,2022,2022-11-07,KK/CM,A70115,3,69,,Female,Unmarked,,,,4?,0.3,2,2,Chum,Regular Card,Non-Treaty,Broodstock Collection,39,22OZ39,
23-1-17-44421,WRIA 07.0943,Wallace River Hatchery,,,2022,2022-11-07,KK/CM,A70115,4,75,,Male,Unmarked,,,,4?,0.3,2,2,Chum,Regular Card,Non-Treaty,Broodstock Collection,40,22OZ40,
23-1-17-44421,WRIA 07.0943,Wallace River Hatchery,,,2022,2022-11-07,KK/CM,A70115,5,77,,Male,Unmarked,,,,4?,0.3,2,2,Chum,Regular Card,Non-Treaty,Broodstock Collection,41,22OZ41,
23-1-17-44421,WRIA 07.0943,Wallace River Hatchery,,,2022,2022-11-07,KK/CM,A70115,6,71,,Male,Unmarked,,,,4?,0.3,2,2,Chum,Regular Card,Non-Treaty,Broodstock Collection,42,22OZ42,
23-1-17-44421,WRIA 07.0943,Wallace River Hatchery,,,2022,2022-11-07,KK/CM,A70115,7,77,,Male,Unmarked,,,,4?,0.3,2,2,Chum,Regular Card,Non-Treaty,Broodstock Collection,43,22OZ43,
23-1-17-44421,WRIA 07.0943,Wallace River Hatchery,,,2022,2022-11-07,KK/CM,A70115,8,71,,Female,Unmarked,,,,4?,0.3,2,2,Chum,Regular Card,Non-Treaty,Broodstock Collection,44,22OZ44,
23-1-17-44421,WRIA 07.0943,Wallace River Hatchery,,,2022,2022-11-07,KK/CM,A70115,9,73,,Male,Unmarked,,,,4?,0.3,2,2,Chum,Regular Card,Non-Treaty,Broodstock Collection,45,22OZ45,
23-1-17-44421,WRIA 07.0943,Wallace River Hatchery,,,2022,2022-11-07,KK/CM,A70115,10,71,,Male,Unmarked,,,,4?,0.3,2,2,Chum,Regular Card,Non-Treaty,Broodstock Collection,46,22OZ46,
23-1-17-44421,WRIA 07.0943,Wallace River Hatchery,,,2022,2022-11-07,KK/CM,A70115,11,73,,Male,Unmarked,,,,4?,0.3,2,2,Chum,Regular Card,Non-Treaty,Broodstock Collection,47,22OZ47,
23-1-17-44421,WRIA 07.0943,Wallace River Hatchery,,,2022,2022-11-07,KK/CM,A70115,12,82,,Male,Unmarked,,,,4?,0.3,2,2,Chum,Regular Card,Non-Treaty,Broodstock Collection,48,22OZ48,
23-1-17-44421,WRIA 07.0943,Wallace River Hatchery,,,2022,2022-11-07,KK/CM,A70115,13,74,,Male,Unmarked,,,,4?,0.3,2,2,Chum,Regular Card,Non-Treaty,Broodstock Collection,49,22OZ49,
23-1-17-44421,WRIA 07.0943,Wallace River Hatchery,,,2022,2022-11-07,KK/CM,A70115,14,77,,Male,Unmarked,,,,4?,0.3,2,2,Chum,Regular Card,Non-Treaty,Broodstock Collection,50,22OZ50,
23-1-17-44421,WRIA 07.0943,Wallace River Hatchery,,,2022,2022-11-07,KK/CM,A70115,15,79,,Male,Unmarked,,,,4?,0.3,2,2,Chum,Regular Card,Non-Treaty,Broodstock Collection,51,22OZ51,
23-1-17-44421,WRIA 07.0943,Wallace River Hatchery,,,2022,2022-11-07,KK/CM,A70115,16,75,,Male,Unmarked,,,,4?,0.3,2,2,Chum,Regular Card,Non-Treaty,Broodstock Collection,52,22OZ52,
23-1-17-44421,WRIA 07.0943,Wallace River Hatchery,,,2022,2022-11-07,KK/CM,A70115,17,69,,Male,Unmarked,,,,4?,0.3,2,2,Chum,Regular Card,Non-Treaty,Broodstock Collection,53,22OZ53,
23-1-17-44421,WRIA 07.0943,Wallace River Hatchery,,,2022,2022-11-07,KK/CM,A70115,18,71,,Male,Unmarked,,,,4?,0.3,2,2,Chum,Regular Card,Non-Treaty,Broodstock Collection,54,22OZ54,
23-1-17-44421,WRIA 07.0943,Wallace River Hatchery,,,2022,2022-11-07,KK/CM,A70115,19,68,,Male,Unmarked,,,,4?,0.3,2,2,Chum,Regular Card,Non-Treaty,Broodstock Collection,55,22OZ55,
23-1-17-44421,WRIA 07.0943,Wallace River Hatchery,,,2022,2022-11-07,KK/CM,A70115,20,73,,Male,Unmarked,,,,4?,0.3,2,2,Chum,Regular Card,Non-Treaty,Broodstock Collection,56,22OZ56,
23-1-17-44421,WRIA 07.0943,Wallace River Hatchery,,,2022,2022-11-07,KK/CM,A70116,1,72,,Male,Unmarked,,,,4?,0.3,3,2,Chum,Regular Card,Non-Treaty,Broodstock Collection,57,22OZ57,
23-1-17-44421,WRIA 07.0943,Wallace River Hatchery,,,2022,2022-11-07,KK/CM,A70116,2,65,,Male,Unmarked,,,,4?,0.3,3,2,Chum,Regular Card,Non-Treaty,Broodstock Collection,58,22OZ58,
23-1-17-44421,WRIA 07.0943,Wallace River Hatchery,,,2022,2022-11-07,KK/CM,A70116,3,81,,Male,Unmarked,,,,,,3,2,Chum,Regular Card,Non-Treaty,Broodstock Collection,59,22OZ59,
23-1-17-44421,WRIA 07.0943,Wallace River Hatchery,,,2022,2022-11-07,KK/CM,A70116,4,75,,Male,Unmarked,,,,4?,0.3,3,2,Chum,Regular Card,Non-Treaty,Broodstock Collection,60,22OZ60,
23-1-17-44421,WRIA 07.0943,Wallace River Hatchery,,,2022,2022-11-07,KK/CM,A70116,5,66,,Male,Unmarked,,,,4?,0.3,3,2,Chum,Regular Card,Non-Treaty,Broodstock Collection,61,22OZ61,
23-1-17-44421,WRIA 07.0943,Wallace River Hatchery,,,2022,2022-11-07,KK/CM,A70116,6,73,,Male,Unmarked,,,,3?,0.2,3,2,Chum,Regular Card,Non-Treaty,Broodstock Collection,62,22OZ62,
23-1-17-44421,WRIA 07.0943,Wallace River Hatchery,,,2022,2022-11-07,KK/CM,A70116,7,69,,Male,Unmarked,,,,4?,0.3,3,2,Chum,Regular Card,Non-Treaty,Broodstock Collection,63,22OZ63,
23-1-17-44421,WRIA 07.0943,Wallace River Hatchery,,,2022,2022-11-07,KK/CM,A70116,8,75,,Male,Unmarked,,,,4?,0.3,3,2,Chum,Regular Card,Non-Treaty,Broodstock Collection,64,22OZ64,
23-1-17-44421,WRIA 07.0943,Wallace River Hatchery,,,2022,2022-11-07,KK/CM,A70116,9,72,,Male,Unmarked,,,,4?,0.3,3,2,Chum,Regular Card,Non-Treaty,Broodstock Collection,65,,
23-1-17-44421,WRIA 07.0943,Wallace River Hatchery,,,2022,2022-11-07,KK/CM,A70116,10,71,,Male,Unmarked,,,,4?,0.3,3,2,Chum,Regular Card,Non-Treaty,Broodstock Collection,66,,
23-1-17-44421,WRIA 07.0943,Wallace River Hatchery,,,2022,2022-11-07,KK/CM,A70116,11,75,,Male,Unmarked,,,,4?,0.3,3,2,Chum,Regular Card,Non-Treaty,Broodstock Collection,67,22OZ67,
23-1-17-44421,WRIA 07.0943,Wallace River Hatchery,,,2022,2022-11-14,KK/CM,A70008,1,76,,Male,Unmarked,,,,4?,0.3,2,2,Chum,Regular Card,Non-Treaty,Broodstock Collection,88,22OZ88,
23-1-17-44421,WRIA 07.0943,Wallace River Hatchery,,,2022,2022-11-14,KK/CM,A70008,2,80,,Male,Unmarked,,,,4?,0.3,2,2,Chum,Regular Card,Non-Treaty,Broodstock Collection,89,22OZ89,
23-1-17-44421,WRIA 07.0943,Wallace River Hatchery,,,2022,2022-11-14,KK/CM,A70008,3,77,,Male,Unmarked,,,,4?,0.3,2,2,Chum,Regular Card,Non-Treaty,Broodstock Collection,90,22OZ90,
23-1-17-44421,WRIA 07.0943,Wallace River Hatchery,,,2022,2022-11-14,KK/CM,A70008,4,72,,Male,Unmarked,,,,4?,0.3,2,2,Chum,Regular Card,Non-Treaty,Broodstock Collection,91,22OZ91,
23-1-17-44421,WRIA 07.0943,Wallace River Hatchery,,,2022,2022-11-14,KK/CM,A70008,5,70,,Male,Unmarked,,,,4?,0.3,2,2,Chum,Regular Card,Non-Treaty,Broodstock Collection,92,22OZ92,
23-1-17-44421,WRIA 07.0943,Wallace River Hatchery,,,2022,2022-11-14,KK/CM,A70008,6,77,,Male,Unmarked,,,,4?,0.3,2,2,Chum,Regular Card,Non-Treaty,Broodstock Collection,93,22OZ93,
23-1-17-44421,WRIA 07.0943,Wallace River Hatchery,,,2022,2022-11-14,KK/CM,A70008,7,75,,Male,Unmarked,,,,4?,0.3,2,2,Chum,Regular Card,Non-Treaty,Broodstock Collection,94,22OZ94,
23-1-17-44421,WRIA 07.0943,Wallace River Hatchery,,,2022,2022-11-14,KK/CM,A70008,8,76,,Male,Unmarked,,,,4?,0.3,2,2,Chum,Regular Card,Non-Treaty,Broodstock Collection,95,22OZ95,
23-1-17-44421,WRIA 07.0943,Wallace River Hatchery,,,2022,2022-11-14,KK/CM,A70008,9,71,,Male,Unmarked,,,,4?,0.3,2,2,Chum,Regular Card,Non-Treaty,Broodstock Collection,96,22OZ96,
23-1-17-44421,WRIA 07.0943,Wallace River Hatchery,,,2022,2022-11-14,KK/CM,A70008,10,82,,Male,Unmarked,,,,4?,0.3,2,2,Chum,Regular Card,Non-Treaty,Broodstock Collection,97,22OZ97,
23-1-17-44421,WRIA 07.0943,Wallace River Hatchery,,,2022,2022-11-14,KK/CM,A70008,11,76,,Male,Unmarked,,,,4?,0.3,2,2,Chum,Regular Card,Non-Treaty,Broodstock Collection,98,22OZ98,
23-1-17-44421,WRIA 07.0943,Wallace River Hatchery,,,2022,2022-11-14,KK/CM,A70008,12,73,,Female,Unmarked,,,,4?,0.3,2,2,Chum,Regular Card,Non-Treaty,Broodstock Collection,99,22OZ99,
23-1-17-44421,WRIA 07.0943,Wallace River Hatchery,,,2022,2022-11-14,KK/CM,A70008,13,71,,Female,Unmarked,,,,4?,0.3,2,2,Chum,Regular Card,Non-Treaty,Broodstock Collection,100,22OZ100,
23-1-17-44421,WRIA 07.0940,Wallace River,,,2022,2022-11-14,PV/KK,A70010,1,75,,Female,Unmarked,,,,4?,0.3,4,2,Chum,Regular Card,Non-Treaty,Broodstock Collection,121,22OZ121,
23-1-17-44421,WRIA 07.0940,Wallace River,,,2022,2022-11-14,PV/KK,A70010,2,69,,Female,Unmarked,,,,4?,0.3,4,2,Chum,Regular Card,Non-Treaty,Broodstock Collection,122,22OZ122,
23-1-17-44421,WRIA 07.0940,Wallace River,,,2022,2022-11-14,PV/KK,A70010,3,72,,Female,Unmarked,,,,4?,0.3,4,2,Chum,Regular Card,Non-Treaty,Broodstock Collection,123,22OZ123,
23-1-17-44421,WRIA 07.0940,Wallace River,,,2022,2022-11-14,PV/KK,A70010,4,75,,Female,Unmarked,,,,4?,0.3,4,2,Chum,Regular Card,Non-Treaty,Broodstock Collection,124,22OZ124,
23-1-17-44421,WRIA 07.0940,Wallace River,,,2022,2022-11-14,PV/KK,A70010,5,74,,Female,Unmarked,,,,4?,0.3,4,2,Chum,Regular Card,Non-Treaty,Broodstock Collection,125,22OZ125,
23-1-17-44421,WRIA 07.0940,Wallace River,,,2022,2022-11-14,PV/KK,A70010,6,76,,Female,Unmarked,,,,,,4,2,Chum,Regular Card,Non-Treaty,Broodstock Collection,126,22OZ126,
23-1-17-44421,WRIA 07.0940,Wallace River,,,2022,2022-11-14,PV/KK,A70010,7,75,,Female,Unmarked,,,,4?,0.3,4,2,Chum,Regular Card,Non-Treaty,Broodstock Collection,127,22OZ127,
23-1-17-44421,WRIA 07.0940,Wallace River,,,2022,2022-11-14,PV/KK,A70010,8,76,,Female,Unmarked,,,,4?,0.3,4,2,Chum,Regular Card,Non-Treaty,Broodstock Collection,128,22OZ128,
23-1-17-44421,WRIA 07.0940,Wallace River,,,2022,2022-11-14,PV/KK,A70010,9,72,,Female,Unmarked,,,,4?,0.3,4,2,Chum,Regular Card,Non-Treaty,Broodstock Collection,129,22OZ129,
23-1-17-44421,WRIA 07.0940,Wallace River,,,2022,2022-11-14,PV/KK,A70010,10,67,,Female,Unmarked,,,,3?,0.2,4,2,Chum,Regular Card,Non-Treaty,Broodstock Collection,130,22OZ130,
23-1-17-44421,WRIA 07.0943,Wallace River Hatchery,,,2022,2022-11-14,PV/KK,A70019,1,73,,Female,Unmarked,,,,4?,0.3,3,2,Chum,Regular Card,Non-Treaty,Broodstock Collection,101,22OZ101,
23-1-17-44421,WRIA 07.0943,Wallace River Hatchery,,,2022,2022-11-14,PV/KK,A70019,2,68,,Female,Unmarked,,,,4?,0.3,3,2,Chum,Regular Card,Non-Treaty,Broodstock Collection,102,22OZ102,
23-1-17-44421,WRIA 07.0943,Wallace River Hatchery,,,2022,2022-11-14,PV/KK,A70019,3,66,,Female,Unmarked,,,,4?,0.3,3,2,Chum,Regular Card,Non-Treaty,Broodstock Collection,103,22OZ103,
23-1-17-44421,WRIA 07.0943,Wallace River Hatchery,,,2022,2022-11-14,PV/KK,A70019,4,67,,Female,Unmarked,,,,4?,0.3,3,2,Chum,Regular Card,Non-Treaty,Broodstock Collection,104,22OZ104,
23-1-17-44421,WRIA 07.0943,Wallace River Hatchery,,,2022,2022-11-14,PV/KK,A70019,5,80,,Female,Unmarked,,,,4?,0.3,3,2,Chum,Regular Card,Non-Treaty,Broodstock Collection,105,22OZ105,
23-1-17-44421,WRIA 07.0943,Wallace River Hatchery,,,2022,2022-11-14,PV/KK,A70019,6,66,,Female,Unmarked,,,,4?,0.3,3,2,Chum,Regular Card,Non-Treaty,Broodstock Collection,106,22OZ106,
23-1-17-44421,WRIA 07.0943,Wallace River Hatchery,,,2022,2022-11-14,PV/KK,A70019,7,71,,Female,Unmarked,,,,4?,0.3,3,2,Chum,Regular Card,Non-Treaty,Broodstock Collection,107,22OZ107,
23-1-17-44421,WRIA 07.0943,Wallace River Hatchery,,,2022,2022-11-14,PV/KK,A70019,8,64,,Female,Unmarked,,,,4?,0.3,3,2,Chum,Regular Card,Non-Treaty,Broodstock Collection,108,22OZ108,
23-1-17-44421,WRIA 07.0943,Wallace River Hatchery,,,2022,2022-11-14,PV/KK,A70019,9,71,,Female,Unmarked,,,,4?,0.3,3,2,Chum,Regular Card,Non-Treaty,Broodstock Collection,109,22OZ109,
23-1-17-44421,WRIA 07.0943,Wallace River Hatchery,,,2022,2022-11-14,PV/KK,A70019,10,76,,Female,Unmarked,,,,4?,0.3,3,2,Chum,Regular Card,Non-Treaty,Broodstock Collection,110,22OZ110,
23-1-17-44421,WRIA 07.0943,Wallace River Hatchery,,,2022,2022-11-14,PV/KK,A70019,11,75,,Female,Unmarked,,,,4?,0.3,3,2,Chum,Regular Card,Non-Treaty,Broodstock Collection,111,22OZ111,
23-1-17-44421,WRIA 07.0943,Wallace River Hatchery,,,2022,2022-11-14,PV/KK,A70019,12,73,,Female,Unmarked,,,,4?,0.3,3,2,Chum,Regular Card,Non-Treaty,Broodstock Collection,112,22OZ112,
23-1-17-44421,WRIA 07.0943,Wallace River Hatchery,,,2022,2022-11-14,PV/KK,A70019,13,77,,Female,Unmarked,,,,4?,0.3,3,2,Chum,Regular Card,Non-Treaty,Broodstock Collection,113,22OZ113,
23-1-17-44421,WRIA 07.0943,Wallace River Hatchery,,,2022,2022-11-14,PV/KK,A70019,14,73,,Female,Unmarked,,,,4?,0.3,3,2,Chum,Regular Card,Non-Treaty,Broodstock Collection,114,22OZ114,
23-1-17-44421,WRIA 07.0943,Wallace River Hatchery,,,2022,2022-11-14,PV/KK,A70019,15,68,,Female,Unmarked,,,,4?,0.3,3,2,Chum,Regular Card,Non-Treaty,Broodstock Collection,115,22OZ115,
23-1-17-44421,WRIA 07.0943,Wallace River Hatchery,,,2022,2022-11-14,PV/KK,A70019,16,75,,Female,Unmarked,,,,4?,0.3,3,2,Chum,Regular Card,Non-Treaty,Broodstock Collection,116,22OZ116,
23-1-17-44421,WRIA 07.0943,Wallace River Hatchery,,,2022,2022-11-14,PV/KK,A70019,17,73,,Female,Unmarked,,,,4?,0.3,3,2,Chum,Regular Card,Non-Treaty,Broodstock Collection,117,22OZ117,
23-1-17-44421,WRIA 07.0943,Wallace River Hatchery,,,2022,2022-11-14,PV/KK,A70019,18,66,,Female,Unmarked,,,,3?,0.2,3,2,Chum,Regular Card,Non-Treaty,Broodstock Collection,118,22OZ118,
23-1-17-44421,WRIA 07.0943,Wallace River Hatchery,,,2022,2022-11-14,PV/KK,A70019,19,75,,Female,Unmarked,,,,4?,0.3,3,2,Chum,Regular Card,Non-Treaty,Broodstock Collection,119,22OZ119,
23-1-17-44421,WRIA 07.0943,Wallace River Hatchery,,,2022,2022-11-14,PV/KK,A70019,20,70,,Female,Unmarked,,,,4?,0.3,3,2,Chum,Regular Card,Non-Treaty,Broodstock Collection,120,22OZ120,
23-1-17-44421,WRIA 07.0943,Wallace River Hatchery,,,2022,2022-11-14,KK/CM,A70422,1,86,,Male,Unmarked,,,,4?,0.3,1,2,Chum,Regular Card,Non-Treaty,Broodstock Collection,68,22OZ68,
23-1-17-44421,WRIA 07.0943,Wallace River Hatchery,,,2022,2022-11-14,KK/CM,A70422,2,81,,Male,Unmarked,,,,4?,0.3,1,2,Chum,Regular Card,Non-Treaty,Broodstock Collection,69,22OZ69,
23-1-17-44421,WRIA 07.0943,Wallace River Hatchery,,,2022,2022-11-14,KK/CM,A70422,3,79,,Male,Unmarked,,,,4?,0.3,1,2,Chum,Regular Card,Non-Treaty,Broodstock Collection,70,22OZ70,
23-1-17-44421,WRIA 07.0943,Wallace River Hatchery,,,2022,2022-11-14,KK/CM,A70422,4,68,,Male,Unmarked,,,,4?,0.3,1,2,Chum,Regular Card,Non-Treaty,Broodstock Collection,71,22OZ71,
23-1-17-44421,WRIA 07.0943,Wallace River Hatchery,,,2022,2022-11-14,KK/CM,A70422,5,69,,Male,Unmarked,,,,4?,0.3,1,2,Chum,Regular Card,Non-Treaty,Broodstock Collection,72,22OZ72,
23-1-17-44421,WRIA 07.0943,Wallace River Hatchery,,,2022,2022-11-14,KK/CM,A70422,6,76,,Male,Unmarked,,,,4?,0.3,1,2,Chum,Regular Card,Non-Treaty,Broodstock Collection,73,22OZ73,
23-1-17-44421,WRIA 07.0943,Wallace River Hatchery,,,2022,2022-11-14,KK/CM,A70422,7,73,,Male,Unmarked,,,,4?,0.3,1,2,Chum,Regular Card,Non-Treaty,Broodstock Collection,74,22OZ74,
23-1-17-44421,WRIA 07.0943,Wallace River Hatchery,,,2022,2022-11-14,KK/CM,A70422,8,79,,Male,Unmarked,,,,4?,0.3,1,2,Chum,Regular Card,Non-Treaty,Broodstock Collection,75,22OZ75,
23-1-17-44421,WRIA 07.0943,Wallace River Hatchery,,,2022,2022-11-14,KK/CM,A70422,9,72,,Male,Unmarked,,,,4?,0.3,1,2,Chum,Regular Card,Non-Treaty,Broodstock Collection,76,22OZ76,
23-1-17-44421,WRIA 07.0943,Wallace River Hatchery,,,2022,2022-11-14,KK/CM,A70422,10,82,,Male,Unmarked,,,,4?,0.3,1,2,Chum,Regular Card,Non-Treaty,Broodstock Collection,77,22OZ77,
23-1-17-44421,WRIA 07.0943,Wallace River Hatchery,,,2022,2022-11-14,KK/CM,A70422,11,76,,Male,Unmarked,,,,4?,0.3,1,2,Chum,Regular Card,Non-Treaty,Broodstock Collection,78,22OZ78,
23-1-17-44421,WRIA 07.0943,Wallace River Hatchery,,,2022,2022-11-14,KK/CM,A70422,12,78,,Male,Unmarked,,,,4?,0.3,1,2,Chum,Regular Card,Non-Treaty,Broodstock Collection,79,22OZ79,
23-1-17-44421,WRIA 07.0943,Wallace River Hatchery,,,2022,2022-11-14,KK/CM,A70422,13,75,,Male,Unmarked,,,,4?,0.3,1,2,Chum,Regular Card,Non-Treaty,Broodstock Collection,80,22OZ80,
23-1-17-44421,WRIA 07.0943,Wallace River Hatchery,,,2022,2022-11-14,KK/CM,A70422,14,77,,Male,Unmarked,,,,4?,0.3,1,2,Chum,Regular Card,Non-Treaty,Broodstock Collection,81,22OZ81,
23-1-17-44421,WRIA 07.0943,Wallace River Hatchery,,,2022,2022-11-14,KK/CM,A70422,15,79,,Male,Unmarked,,,,4?,0.3,1,2,Chum,Regular Card,Non-Treaty,Broodstock Collection,82,22OZ82,
23-1-17-44421,WRIA 07.0943,Wallace River Hatchery,,,2022,2022-11-14,KK/CM,A70422,16,77,,Male,Unmarked,,,,4?,0.3,1,2,Chum,Regular Card,Non-Treaty,Broodstock Collection,83,22OZ83,
23-1-17-44421,WRIA 07.0943,Wallace River Hatchery,,,2022,2022-11-14,KK/CM,A70422,17,76,,Male,Unmarked,,,,4?,0.3,1,2,Chum,Regular Card,Non-Treaty,Broodstock Collection,84,22OZ84,
23-1-17-44421,WRIA 07.0943,Wallace River Hatchery,,,2022,2022-11-14,KK/CM,A70422,18,79,,Male,Unmarked,,,,4?,0.3,1,2,Chum,Regular Card,Non-Treaty,Broodstock Collection,85,22OZ85,
23-1-17-44421,WRIA 07.0943,Wallace River Hatchery,,,2022,2022-11-14,KK/CM,A70422,19,72,,Male,Unmarked,,,,4?,0.3,1,2,Chum,Regular Card,Non-Treaty,Broodstock Collection,86,22OZ86,
23-1-17-44421,WRIA 07.0943,Wallace River Hatchery,,,2022,2022-11-14,KK/CM,A70422,20,74,,Male,Unmarked,,,,3?,0.2,1,2,Chum,Regular Card,Non-Treaty,Broodstock Collection,87,22OZ87,
23-1-17-44421,WRIA 07.0943,Wallace River Hatchery,,,2022,2022-11-21,,A70117,1,70,,Male,Unmarked,,,,4?,0.3,,2,Chum,Regular Card,Non-Treaty,Broodstock Collection,171,22OZ171,
23-1-17-44421,WRIA 07.0943,Wallace River Hatchery,,,2022,2022-11-21,,A70117,2,76,,Male,Unmarked,,,,4?,0.3,,2,Chum,Regular Card,Non-Treaty,Broodstock Collection,172,22OZ172,
23-1-17-44421,WRIA 07.0943,Wallace River Hatchery,,,2022,2022-11-21,,A70117,3,76,,Male,Unmarked,,,,4?,0.3,,2,Chum,Regular Card,Non-Treaty,Broodstock Collection,173,22OZ173,
23-1-17-44421,WRIA 07.0943,Wallace River Hatchery,,,2022,2022-11-21,,A70117,4,74,,Male,Unmarked,,,,4?,0.3,,2,Chum,Regular Card,Non-Treaty,Broodstock Collection,174,22OZ174,
23-1-17-44421,WRIA 07.0943,Wallace River Hatchery,,,2022,2022-11-21,,A70117,5,71,,Male,Unmarked,,,,4?,0.3,,2,Chum,Regular Card,Non-Treaty,Broodstock Collection,175,22OZ175,
23-1-17-44421,WRIA 07.0943,Wallace River Hatchery,,,2022,2022-11-21,,A70117,6,72,,Male,Unmarked,,,,4?,0.3,,2,Chum,Regular Card,Non-Treaty,Broodstock Collection,176,22OZ176,
23-1-17-44421,WRIA 07.0943,Wallace River Hatchery,,,2022,2022-11-21,,A70117,7,75,,Male,Unmarked,,,,3?,0.2,,2,Chum,Regular Card,Non-Treaty,Broodstock Collection,177,22OZ177,
23-1-17-44421,WRIA 07.0943,Wallace River Hatchery,,,2022,2022-11-21,,A70117,8,73,,Male,Unmarked,,,,4?,0.3,,2,Chum,Regular Card,Non-Treaty,Broodstock Collection,178,22OZ178,
23-1-17-44421,WRIA 07.0943,Wallace River Hatchery,,,2022,2022-11-21,,A70117,9,78,,Male,Unmarked,,,,4?,0.3,,2,Chum,Regular Card,Non-Treaty,Broodstock Collection,179,22OZ179,
23-1-17-44421,WRIA 07.0943,Wallace River Hatchery,,,2022,2022-11-21,,A70117,10,73,,Male,Unmarked,,,,4?,0.3,,2,Chum,Regular Card,Non-Treaty,Broodstock Collection,180,22OZ180,
23-1-17-44421,WRIA 07.0943,Wallace River Hatchery,,,2022,2022-11-21,,A70117,11,77,,Male,Unmarked,,,,4?,0.3,,2,Chum,Regular Card,Non-Treaty,Broodstock Collection,181,22OZ181,
23-1-17-44421,WRIA 07.0943,Wallace River Hatchery,,,2022,2022-11-21,,A70117,12,72,,Male,Unmarked,,,,4?,0.3,,2,Chum,Regular Card,Non-Treaty,Broodstock Collection,182,22OZ182,
23-1-17-44421,WRIA 07.0943,Wallace River Hatchery,,,2022,2022-11-21,,A70117,13,76,,Male,Unmarked,,,,4?,0.3,,2,Chum,Regular Card,Non-Treaty,Broodstock Collection,183,22OZ183,
23-1-17-44421,WRIA 07.0943,Wallace River Hatchery,,,2022,2022-11-21,,A70117,14,79,,Male,Unmarked,,,,4?,0.3,,2,Chum,Regular Card,Non-Treaty,Broodstock Collection,184,22OZ184,
23-1-17-44421,WRIA 07.0943,Wallace River Hatchery,,,2022,2022-11-21,,A70117,15,72,,Male,Unmarked,,,,4?,0.3,,2,Chum,Regular Card,Non-Treaty,Broodstock Collection,185,22OZ185,
23-1-17-44421,WRIA 07.0943,Wallace River Hatchery,,,2022,2022-11-21,,A70117,16,69,,Male,Unmarked,,,,4?,0.3,,2,Chum,Regular Card,Non-Treaty,Broodstock Collection,186,22OZ186,
23-1-17-44421,WRIA 07.0943,Wallace River Hatchery,,,2022,2022-11-21,,A70117,17,73,,Male,Unmarked,,,,4?,0.3,,2,Chum,Regular Card,Non-Treaty,Broodstock Collection,187,22OZ187,
23-1-17-44421,WRIA 07.0943,Wallace River Hatchery,,,2022,2022-11-21,,A70117,18,76,,Male,Unmarked,,,,4?,0.3,,2,Chum,Regular Card,Non-Treaty,Broodstock Collection,188,22OZ188,
23-1-17-44421,WRIA 07.0943,Wallace River Hatchery,,,2022,2022-11-21,,A70117,19,80,,Male,Unmarked,,,,4?,0.3,,2,Chum,Regular Card,Non-Treaty,Broodstock Collection,189,22OZ189,
23-1-17-44421,WRIA 07.0943,Wallace River Hatchery,,,2022,2022-11-21,,A70117,20,74,,Male,Unmarked,,,,4?,0.3,,2,Chum,Regular Card,Non-Treaty,Broodstock Collection,190,22OZ190,
23-1-17-44421,WRIA 07.0943,Wallace River Hatchery,,,2022,2022-11-21,,A70118,1,71,,Female,Unmarked,,,,4?,0.3,2,2,Chum,Regular Card,Non-Treaty,Broodstock Collection,151,22OZ151,
23-1-17-44421,WRIA 07.0943,Wallace River Hatchery,,,2022,2022-11-21,,A70118,2,67,,Female,Unmarked,,,,4?,0.3,2,2,Chum,Regular Card,Non-Treaty,Broodstock Collection,152,22OZ152,
23-1-17-44421,WRIA 07.0943,Wallace River Hatchery,,,2022,2022-11-21,,A70118,3,76,,Female,Unmarked,,,,4?,0.3,2,2,Chum,Regular Card,Non-Treaty,Broodstock Collection,153,22OZ153,
23-1-17-44421,WRIA 07.0943,Wallace River Hatchery,,,2022,2022-11-21,,A70118,4,69,,Female,Unmarked,,,,4?,0.3,2,2,Chum,Regular Card,Non-Treaty,Broodstock Collection,154,22OZ154,
23-1-17-44421,WRIA 07.0943,Wallace River Hatchery,,,2022,2022-11-21,,A70118,5,72,,Female,Unmarked,,,,4?,0.3,2,2,Chum,Regular Card,Non-Treaty,Broodstock Collection,155,22OZ155,
23-1-17-44421,WRIA 07.0943,Wallace River Hatchery,,,2022,2022-11-21,,A70118,6,71,,Female,Unmarked,,,,4?,0.3,2,2,Chum,Regular Card,Non-Treaty,Broodstock Collection,156,22OZ156,
23-1-17-44421,WRIA 07.0943,Wallace River Hatchery,,,2022,2022-11-21,,A70118,7,68,,Female,Unmarked,,,,4?,0.3,2,2,Chum,Regular Card,Non-Treaty,Broodstock Collection,157,22OZ157,
23-1-17-44421,WRIA 07.0943,Wallace River Hatchery,,,2022,2022-11-21,,A70118,8,68,,Female,Unmarked,,,,3?,0.2,2,2,Chum,Regular Card,Non-Treaty,Broodstock Collection,158,22OZ158,
23-1-17-44421,WRIA 07.0943,Wallace River Hatchery,,,2022,2022-11-21,,A70118,9,66,,Female,Unmarked,,,,4?,0.3,2,2,Chum,Regular Card,Non-Treaty,Broodstock Collection,159,22OZ159,
23-1-17-44421,WRIA 07.0943,Wallace River Hatchery,,,2022,2022-11-21,,A70118,10,66,,Female,Unmarked,,,,4?,0.3,2,2,Chum,Regular Card,Non-Treaty,Broodstock Collection,160,22OZ160,
23-1-17-44421,WRIA 07.0943,Wallace River Hatchery,,,2022,2022-11-21,,A70118,11,77,,Female,Unmarked,,,,3?,0.2,2,2,Chum,Regular Card,Non-Treaty,Broodstock Collection,161,22OZ161,
23-1-17-44421,WRIA 07.0943,Wallace River Hatchery,,,2022,2022-11-21,,A70118,12,69,,Female,Unmarked,,,,4?,0.3,2,2,Chum,Regular Card,Non-Treaty,Broodstock Collection,162,22OZ162,
23-1-17-44421,WRIA 07.0943,Wallace River Hatchery,,,2022,2022-11-21,,A70118,13,73,,Male,Unmarked,,,,4?,0.3,2,2,Chum,Regular Card,Non-Treaty,Broodstock Collection,163,22OZ163,
23-1-17-44421,WRIA 07.0943,Wallace River Hatchery,,,2022,2022-11-21,,A70118,14,70,,Male,Unmarked,,,,4?,0.3,2,2,Chum,Regular Card,Non-Treaty,Broodstock Collection,164,22OZ164,
23-1-17-44421,WRIA 07.0943,Wallace River Hatchery,,,2022,2022-11-21,,A70118,15,75,,Male,Unmarked,,,,4?,0.3,2,2,Chum,Regular Card,Non-Treaty,Broodstock Collection,165,22OZ165,
23-1-17-44421,WRIA 07.0943,Wallace River Hatchery,,,2022,2022-11-21,,A70118,16,70,,Male,Unmarked,,,,4?,0.3,2,2,Chum,Regular Card,Non-Treaty,Broodstock Collection,166,22OZ166,
23-1-17-44421,WRIA 07.0943,Wallace River Hatchery,,,2022,2022-11-21,,A70118,17,71,,Male,Unmarked,,,,4?,0.3,2,2,Chum,Regular Card,Non-Treaty,Broodstock Collection,167,22OZ167,
23-1-17-44421,WRIA 07.0943,Wallace River Hatchery,,,2022,2022-11-21,,A70118,18,78,,Male,Unmarked,,,,4?,0.3,2,2,Chum,Regular Card,Non-Treaty,Broodstock Collection,168,22OZ168,
23-1-17-44421,WRIA 07.0943,Wallace River Hatchery,,,2022,2022-11-21,,A70118,19,76,,Male,Unmarked,,,,4?,0.3,2,2,Chum,Regular Card,Non-Treaty,Broodstock Collection,169,22OZ169,
23-1-17-44421,WRIA 07.0943,Wallace River Hatchery,,,2022,2022-11-21,,A70118,20,73,,Male,Unmarked,,,,4?,0.3,2,2,Chum,Regular Card,Non-Treaty,Broodstock Collection,170,22OZ170,
23-1-17-44421,WRIA 07.0943,Wallace River Hatchery,,,2022,2022-11-21,,A70119,1,73,,Female,Unmarked,,,,4?,0.3,1,2,Chum,Regular Card,Non-Treaty,Broodstock Collection,131,22OZ131,
23-1-17-44421,WRIA 07.0943,Wallace River Hatchery,,,2022,2022-11-21,,A70119,2,75,,Female,Unmarked,,,,4?,0.3,1,2,Chum,Regular Card,Non-Treaty,Broodstock Collection,132,22OZ132,
23-1-17-44421,WRIA 07.0943,Wallace River Hatchery,,,2022,2022-11-21,,A70119,3,71,,Female,Unmarked,,,,4?,0.3,1,2,Chum,Regular Card,Non-Treaty,Broodstock Collection,133,22OZ133,
23-1-17-44421,WRIA 07.0943,Wallace River Hatchery,,,2022,2022-11-21,,A70119,4,69,,Female,Unmarked,,,,4?,0.3,1,2,Chum,Regular Card,Non-Treaty,Broodstock Collection,134,22OZ134,
23-1-17-44421,WRIA 07.0943,Wallace River Hatchery,,,2022,2022-11-21,,A70119,5,73,,Female,Unmarked,,,,4?,0.3,1,2,Chum,Regular Card,Non-Treaty,Broodstock Collection,135,22OZ135,
23-1-17-44421,WRIA 07.0943,Wallace River Hatchery,,,2022,2022-11-21,,A70119,6,64,,Female,Unmarked,,,,4?,0.3,1,2,Chum,Regular Card,Non-Treaty,Broodstock Collection,136,22OZ136,
23-1-17-44421,WRIA 07.0943,Wallace River Hatchery,,,2022,2022-11-21,,A70119,7,66,,Female,Unmarked,,,,4?,0.3,1,2,Chum,Regular Card,Non-Treaty,Broodstock Collection,137,22OZ137,
23-1-17-44421,WRIA 07.0943,Wallace River Hatchery,,,2022,2022-11-21,,A70119,8,62,,Female,Unmarked,,,,4?,0.3,1,2,Chum,Regular Card,Non-Treaty,Broodstock Collection,138,22OZ138,
23-1-17-44421,WRIA 07.0943,Wallace River Hatchery,,,2022,2022-11-21,,A70119,9,70,,Female,Unmarked,,,,4?,0.3,1,2,Chum,Regular Card,Non-Treaty,Broodstock Collection,139,22OZ139,
23-1-17-44421,WRIA 07.0943,Wallace River Hatchery,,,2022,2022-11-21,,A70119,10,71,,Female,Unmarked,,,,4?,0.3,1,2,Chum,Regular Card,Non-Treaty,Broodstock Collection,140,22OZ140,
23-1-17-44421,WRIA 07.0943,Wallace River Hatchery,,,2022,2022-11-21,,A70119,11,74,,Female,Unmarked,,,,4?,0.3,1,2,Chum,Regular Card,Non-Treaty,Broodstock Collection,141,22OZ141,
23-1-17-44421,WRIA 07.0943,Wallace River Hatchery,,,2022,2022-11-21,,A70119,12,65,,Female,Unmarked,,,,3?,0.2,1,2,Chum,Regular Card,Non-Treaty,Broodstock Collection,142,22OZ142,
23-1-17-44421,WRIA 07.0943,Wallace River Hatchery,,,2022,2022-11-21,,A70119,13,74,,Female,Unmarked,,,,4?,0.3,1,2,Chum,Regular Card,Non-Treaty,Broodstock Collection,143,22OZ43,
23-1-17-44421,WRIA 07.0943,Wallace River Hatchery,,,2022,2022-11-21,,A70119,14,76,,Female,Unmarked,,,,4?,0.3,1,2,Chum,Regular Card,Non-Treaty,Broodstock Collection,144,22OZ144,
23-1-17-44421,WRIA 07.0943,Wallace River Hatchery,,,2022,2022-11-21,,A70119,15,77,,Female,Unmarked,,,,4?,0.3,1,2,Chum,Regular Card,Non-Treaty,Broodstock Collection,145,22OZ145,
23-1-17-44421,WRIA 07.0943,Wallace River Hatchery,,,2022,2022-11-21,,A70119,16,73,,Female,Unmarked,,,,4?,0.3,1,2,Chum,Regular Card,Non-Treaty,Broodstock Collection,146,22OZ146,
23-1-17-44421,WRIA 07.0943,Wallace River Hatchery,,,2022,2022-11-21,,A70119,17,69,,Female,Unmarked,,,,4?,0.3,1,2,Chum,Regular Card,Non-Treaty,Broodstock Collection,147,22OZ147,
23-1-17-44421,WRIA 07.0943,Wallace River Hatchery,,,2022,2022-11-21,,A70119,18,62,,Female,Unmarked,,,,3?,0.2,1,2,Chum,Regular Card,Non-Treaty,Broodstock Collection,148,22OZ148,
23-1-17-44421,WRIA 07.0943,Wallace River Hatchery,,,2022,2022-11-21,,A70119,19,72,,Female,Unmarked,,,,4?,0.3,1,2,Chum,Regular Card,Non-Treaty,Broodstock Collection,149,22OZ149,
23-1-17-44421,WRIA 07.0943,Wallace River Hatchery,,,2022,2022-11-21,,A70119,20,77,,Female,Unmarked,,,,4?,0.3,1,2,Chum,Regular Card,Non-Treaty,Broodstock Collection,150,22OZ150,
23-1-17-44421,WRIA 07.0943,Wallace River Hatchery,,,2022,2022-11-21,,A70121,1,72,,Male,Unmarked,,,,4?,0.3,4,2,Chum,Regular Card,Non-Treaty,Broodstock Collection,191,22OZ191,
23-1-17-44421,WRIA 07.0943,Wallace River Hatchery,,,2022,2022-11-21,,A70121,2,76,,Male,Unmarked,,,,4?,0.3,4,2,Chum,Regular Card,Non-Treaty,Broodstock Collection,192,22OZ192,
23-1-17-44421,WRIA 07.0943,Wallace River Hatchery,,,2022,2022-11-21,,A70121,3,78,,Male,Unmarked,,,,4?,0.3,4,2,Chum,Regular Card,Non-Treaty,Broodstock Collection,193,22OZ93,
23-1-17-44421,WRIA 07.0943,Wallace River Hatchery,,,2022,2022-11-21,,A70121,4,76,,Male,Unmarked,,,,4?,0.3,4,2,Chum,Regular Card,Non-Treaty,Broodstock Collection,194,22OZ194,
23-1-17-44421,WRIA 07.0943,Wallace River Hatchery,,,2022,2022-11-21,,A70121,5,76,,Male,Unmarked,,,,4?,0.3,4,2,Chum,Regular Card,Non-Treaty,Broodstock Collection,195,22OZ195,
23-1-17-44421,WRIA 07.0943,Wallace River Hatchery,,,2022,2022-11-21,,A70121,6,73,,Male,Unmarked,,,,4?,0.3,4,2,Chum,Regular Card,Non-Treaty,Broodstock Collection,196,22OZ196,
23-1-17-44421,WRIA 07.0943,Wallace River Hatchery,,,2022,2022-11-21,,A70121,7,77,,Male,Unmarked,,,,4?,0.3,4,2,Chum,Regular Card,Non-Treaty,Broodstock Collection,197,22OZ97,
23-1-17-44421,WRIA 07.0943,Wallace River Hatchery,,,2022,2022-11-21,,A70121,8,75,,Male,Unmarked,,,,4?,0.3,4,2,Chum,Regular Card,Non-Treaty,Broodstock Collection,198,22OZ198,
23-1-17-44421,WRIA 07.0943,Wallace River Hatchery,,,2022,2022-11-21,,A70121,9,80,,Male,Unmarked,,,,4?,0.3,4,2,Chum,Regular Card,Non-Treaty,Broodstock Collection,199,22OZ199,
23-1-17-44421,WRIA 07.0943,Wallace River Hatchery,,,2022,2022-11-21,,A70121,10,77,,Male,Unmarked,,,,4?,0.3,4,2,Chum,Regular Card,Non-Treaty,Broodstock Collection,200,22OZ200,
23-1-17-44421,WRIA 07.0943,Wallace River Hatchery,,,2022,2022-11-21,,A70121,11,80,,Male,Unmarked,,,,4?,0.3,4,2,Chum,Regular Card,Non-Treaty,Broodstock Collection,201,22OZ201,
23-1-17-44421,WRIA 07.0943,Wallace River Hatchery,,,2022,2022-11-21,,A70121,12,76,,Male,Unmarked,,,,4?,0.3,4,2,Chum,Regular Card,Non-Treaty,Broodstock Collection,202,22OZ202,
23-1-17-44421,WRIA 07.0943,Wallace River Hatchery,,,2022,2022-11-21,,A70121,13,77,,Male,Unmarked,,,,4?,0.3,4,2,Chum,Regular Card,Non-Treaty,Broodstock Collection,203,22OZ203,
23-1-17-44421,WRIA 07.0943,Wallace River Hatchery,,,2022,2022-11-21,,A70121,14,67,,Female,Unmarked,,,,4?,0.3,4,2,Chum,Regular Card,Non-Treaty,Broodstock Collection,204,22OZ204,
23-1-17-44421,WRIA 07.0943,Wallace River Hatchery,,,2022,2022-11-28,,A70136,1,62,,Female,Unmarked,,,,3?,0.2,1,2,Chum,Regular Card,Non-Treaty,Broodstock Collection,205,22OZ205,
23-1-17-44421,WRIA 07.0943,Wallace River Hatchery,,,2022,2022-11-28,,A70136,2,73,,Female,Unmarked,,,,4?,0.3,1,2,Chum,Regular Card,Non-Treaty,Broodstock Collection,206,22OZ206,
23-1-17-44421,WRIA 07.0943,Wallace River Hatchery,,,2022,2022-11-28,,A70136,3,77,,Female,Unmarked,,,,4?,0.3,1,2,Chum,Regular Card,Non-Treaty,Broodstock Collection,207,22OZ207,
23-1-17-44421,WRIA 07.0943,Wallace River Hatchery,,,2022,2022-11-28,,A70136,4,69,,Male,Unmarked,,,,4?,0.3,1,2,Chum,Regular Card,Non-Treaty,Broodstock Collection,208,22OZ20,
23-1-17-44421,WRIA 07.0943,Wallace River Hatchery,,,2022,2022-11-28,,A70136,5,76,,Male,Unmarked,,,,4?,0.3,1,2,Chum,Regular Card,Non-Treaty,Broodstock Collection,209,22OZ209,
23-1-17-44421,WRIA 07.0943,Wallace River Hatchery,,,2022,2022-11-28,,A70136,6,76,,Male,Unmarked,,,,,,1,2,Chum,Regular Card,Non-Treaty,Broodstock Collection,210,22OZ210,
23-1-17-44421,WRIA 07.0943,Wallace River Hatchery,,,2022,2022-11-28,,A70136,7,69,,Male,Unmarked,,,,4?,0.3,1,2,Chum,Regular Card,Non-Treaty,Broodstock Collection,211,22OZ211,
23-1-17-44421,WRIA 07.0943,Wallace River Hatchery,,,2022,2022-11-28,,A70136,8,75,,Male,Unmarked,,,,4?,0.3,1,2,Chum,Regular Card,Non-Treaty,Broodstock Collection,212,22OZ212,
23-1-17-44421,WRIA 07.0943,Wallace River Hatchery,,,2022,2022-11-28,,A70136,9,81,,Male,Unmarked,,,,4?,0.3,1,2,Chum,Regular Card,Non-Treaty,Broodstock Collection,213,22OZ213,
23-1-17-44421,WRIA 07.0943,Wallace River Hatchery,,,2022,2022-11-28,,A70136,10,72,,Male,Unmarked,,,,4?,0.3,1,2,Chum,Regular Card,Non-Treaty,Broodstock Collection,214,22OZ214,
23-1-17-44421,WRIA 07.0943,Wallace River Hatchery,,,2022,2022-11-28,,A70136,11,73,,Male,Unmarked,,,,4?,0.3,1,2,Chum,Regular Card,Non-Treaty,Broodstock Collection,215,22OZ215,
23-1-17-44421,WRIA 07.0943,Wallace River Hatchery,,,2022,2022-11-28,,A70136,12,73,,Male,Unmarked,,,,4?,0.3,1,2,Chum,Regular Card,Non-Treaty,Broodstock Collection,216,22OZ216,
23-1-17-44421,WRIA 07.0943,Wallace River Hatchery,,,2022,2022-11-28,,A70136,13,67,,Female,Unmarked,,,,4?,0.3,1,2,Chum,Regular Card,Non-Treaty,Broodstock Collection,217,22OZ217,
23-1-17-44421,WRIA 07.0943,Wallace River Hatchery,,,2022,2022-11-28,,A70136,14,82,,Male,Unmarked,,,,4?,0.3,1,2,Chum,Regular Card,Non-Treaty,Broodstock Collection,218,22OZ218,
23-1-17-44421,WRIA 07.0943,Wallace River Hatchery,,,2022,2022-11-28,,A70136,15,86,,Male,Unmarked,,,,4?,0.3,1,2,Chum,Regular Card,Non-Treaty,Broodstock Collection,219,22OZ219,
24-1-25-55761,WRIA 07.0943,Wallace River Hatchery,,,2023,2023-11-15,AN,A70126,1,65,,Male,Unmarked,,,,3?,0.2,2,2,Chum,Regular Card,Non-Treaty,Broodstock Collection,20,23JI283,
24-1-25-55761,WRIA 07.0943,Wallace River Hatchery,,,2023,2023-11-15,AN,A70126,2,69,,Male,Unmarked,,,,3?,0.2,2,2,Chum,Regular Card,Non-Treaty,Broodstock Collection,21,23JI284,
24-1-25-55761,WRIA 07.0943,Wallace River Hatchery,,,2023,2023-11-15,AN,A70126,3,70,,Male,Unmarked,,,,3?,0.2,2,2,Chum,Regular Card,Non-Treaty,Broodstock Collection,22,23JI285,
24-1-25-55761,WRIA 07.0943,Wallace River Hatchery,,,2023,2023-11-15,AN,A70126,4,71,,Male,Unmarked,,,,4?,0.3,2,2,Chum,Regular Card,Non-Treaty,Broodstock Collection,23,23JI286,
24-1-25-55761,WRIA 07.0943,Wallace River Hatchery,,,2023,2023-11-15,AN,A70126,5,65,,Male,Unmarked,,,,3?,0.2,2,2,Chum,Regular Card,Non-Treaty,Broodstock Collection,24,23JI287,
24-1-25-55761,WRIA 07.0943,Wallace River Hatchery,,,2023,2023-11-15,AN,A70126,6,65,,Male,Unmarked,,,,3?,0.2,2,2,Chum,Regular Card,Non-Treaty,Broodstock Collection,25,23JI288,
24-1-25-55761,WRIA 07.0943,Wallace River Hatchery,,,2023,2023-11-15,AN,A70126,7,76,,Male,Unmarked,,,,4?,0.3,2,2,Chum,Regular Card,Non-Treaty,Broodstock Collection,26,,
24-1-25-55761,WRIA 07.0943,Wallace River Hatchery,,,2023,2023-11-15,AN,A70126,8,65,,Male,Unmarked,,,,3?,0.2,2,2,Chum,Regular Card,Non-Treaty,Broodstock Collection,27,23JI289,
24-1-25-55761,WRIA 07.0943,Wallace River Hatchery,,,2023,2023-11-15,AN,A70126,9,68,,Male,Unmarked,,,,3?,0.2,2,2,Chum,Regular Card,Non-Treaty,Broodstock Collection,28,23JI290,
24-1-25-55761,WRIA 07.0943,Wallace River Hatchery,,,2023,2023-11-15,AN,A70126,10,82,,Male,Unmarked,,,,5?,0.4,2,2,Chum,Regular Card,Non-Treaty,Broodstock Collection,29,23JI291,
24-1-25-55761,WRIA 07.0943,Wallace River Hatchery,,,2023,2023-11-15,AN,A70126,11,71,,Male,Unmarked,,,,4?,0.3,2,2,Chum,Regular Card,Non-Treaty,Broodstock Collection,30,23JI299,
24-1-25-55761,WRIA 07.0943,Wallace River Hatchery,,,2023,2023-11-15,AN,A70126,12,68,,Male,Unmarked,,,,4?,0.3,2,2,Chum,Regular Card,Non-Treaty,Broodstock Collection,31,23JI298,
24-1-25-55761,WRIA 07.0943,Wallace River Hatchery,,,2023,2023-11-15,AN,A70126,13,65,,Male,Unmarked,,,,3?,0.2,2,2,Chum,Regular Card,Non-Treaty,Broodstock Collection,32,23JI297,
24-1-25-55761,WRIA 07.0943,Wallace River Hatchery,,,2023,2023-11-15,AN,A70126,14,72,,Male,Unmarked,,,,5?,0.4,2,2,Chum,Regular Card,Non-Treaty,Broodstock Collection,33,23JI296,
24-1-25-55761,WRIA 07.0943,Wallace River Hatchery,,,2023,2023-11-15,AN,A70126,15,61,,Male,Unmarked,,,,3?,0.2,2,2,Chum,Regular Card,Non-Treaty,Broodstock Collection,34,23JI295,
24-1-25-55761,WRIA 07.0943,Wallace River Hatchery,,,2023,2023-11-15,AN,A70126,16,65,,Male,Unmarked,,,,3?,0.2,2,2,Chum,Regular Card,Non-Treaty,Broodstock Collection,35,23JI294,
24-1-25-55761,WRIA 07.0943,Wallace River Hatchery,,,2023,2023-11-15,AN,A70126,17,65,,Male,Unmarked,,,,3?,0.2,2,2,Chum,Regular Card,Non-Treaty,Broodstock Collection,36,23JI293,
24-1-25-55761,WRIA 07.0943,Wallace River Hatchery,,,2023,2023-11-15,AN,A70127,1,55,,Female,Unmarked,,,,3?,0.2,1,2,Chum,Regular Card,Non-Treaty,Broodstock Collection,1,23JI0264,
24-1-25-55761,WRIA 07.0943,Wallace River Hatchery,,,2023,2023-11-15,AN,A70127,2,63,,Female,Unmarked,,,,3?,0.2,1,2,Chum,Regular Card,Non-Treaty,Broodstock Collection,2,23JI265,
24-1-25-55761,WRIA 07.0943,Wallace River Hatchery,,,2023,2023-11-15,AN,A70127,3,65,,Female,Unmarked,,,,3?,0.2,1,2,Chum,Regular Card,Non-Treaty,Broodstock Collection,3,23JI266,
24-1-25-55761,WRIA 07.0943,Wallace River Hatchery,,,2023,2023-11-15,AN,A70127,4,64,,Female,Unmarked,,,,3?,0.2,1,2,Chum,Regular Card,Non-Treaty,Broodstock Collection,4,23JI267,
24-1-25-55761,WRIA 07.0943,Wallace River Hatchery,,,2023,2023-11-15,AN,A70127,5,73,,Female,Unmarked,,,,4?,0.3,1,2,Chum,Regular Card,Non-Treaty,Broodstock Collection,5,23JI268,
24-1-25-55761,WRIA 07.0943,Wallace River Hatchery,,,2023,2023-11-15,AN,A70127,6,65,,Female,Unmarked,,,,3?,0.2,1,2,Chum,Regular Card,Non-Treaty,Broodstock Collection,6,23JI269,
24-1-25-55761,WRIA 07.0943,Wallace River Hatchery,,,2023,2023-11-15,AN,A70127,7,65,,Female,Unmarked,,,,4?,0.3,1,2,Chum,Regular Card,Non-Treaty,Broodstock Collection,7,23JI270,
24-1-25-55761,WRIA 07.0943,Wallace River Hatchery,,,2023,2023-11-15,AN,A70127,8,63,,Female,Unmarked,,,,4?,0.3,1,2,Chum,Regular Card,Non-Treaty,Broodstock Collection,8,23JI271,
24-1-25-55761,WRIA 07.0943,Wallace River Hatchery,,,2023,2023-11-15,AN,A70127,9,65,,Female,Unmarked,,,,3?,0.2,1,2,Chum,Regular Card,Non-Treaty,Broodstock Collection,9,23JI272,
24-1-25-55761,WRIA 07.0943,Wallace River Hatchery,,,2023,2023-11-15,AN,A70127,10,80,,Female,Unmarked,,,,5?,0.4,1,2,Chum,Regular Card,Non-Treaty,Broodstock Collection,10,23JI273,
24-1-25-55761,WRIA 07.0943,Wallace River Hatchery,,,2023,2023-11-15,AN,A70127,11,70,,Female,Unmarked,,,,3?,0.2,1,2,Chum,Regular Card,Non-Treaty,Broodstock Collection,11,23JI274,
24-1-25-55761,WRIA 07.0943,Wallace River Hatchery,,,2023,2023-11-15,AN,A70127,12,70,,Female,Unmarked,,,,4?,0.3,1,2,Chum,Regular Card,Non-Treaty,Broodstock Collection,12,23JI275,
24-1-25-55761,WRIA 07.0943,Wallace River Hatchery,,,2023,2023-11-15,AN,A70127,13,65,,Female,Unmarked,,,,4?,0.3,1,2,Chum,Regular Card,Non-Treaty,Broodstock Collection,13,23JI276,
24-1-25-55761,WRIA 07.0943,Wallace River Hatchery,,,2023,2023-11-15,AN,A70127,14,57,,Female,Unmarked,,,,3?,0.2,1,2,Chum,Regular Card,Non-Treaty,Broodstock Collection,14,23JI277,
24-1-25-55761,WRIA 07.0943,Wallace River Hatchery,,,2023,2023-11-15,AN,A70127,15,70,,Female,Unmarked,,,,5?,0.4,1,2,Chum,Regular Card,Non-Treaty,Broodstock Collection,15,23JI278,
24-1-25-55761,WRIA 07.0943,Wallace River Hatchery,,,2023,2023-11-15,AN,A70127,16,65,,Female,Unmarked,,,,4?,0.3,1,2,Chum,Regular Card,Non-Treaty,Broodstock Collection,16,23JI279,
24-1-25-55761,WRIA 07.0943,Wallace River Hatchery,,,2023,2023-11-15,AN,A70127,17,67,,Female,Unmarked,,,,4?,0.3,1,2,Chum,Regular Card,Non-Treaty,Broodstock Collection,17,23JI280,
24-1-25-55761,WRIA 07.0943,Wallace River Hatchery,,,2023,2023-11-15,AN,A70127,18,64,,Female,Unmarked,,,,4?,0.3,1,2,Chum,Regular Card,Non-Treaty,Broodstock Collection,18,23JI281,
24-1-25-55761,WRIA 07.0943,Wallace River Hatchery,,,2023,2023-11-15,AN,A70127,19,61,,Female,Unmarked,,,,3?,0.2,1,2,Chum,Regular Card,Non-Treaty,Broodstock Collection,19,23JI282,
24-1-25-55761,WRIA 07.0943,Wallace River Hatchery,,,2023,2023-11-20,AN/BD,D13310,1,71,,Female,Unmarked,,,,5?,0.4,1,2,Chum,Genetic Card,Non-Treaty,Broodstock Collection,37,23JI292,
24-1-25-55761,WRIA 07.0943,Wallace River Hatchery,,,2023,2023-11-20,AN/BD,D13310,2,65,,Female,Unmarked,,,,4?,0.3,1,2,Chum,Genetic Card,Non-Treaty,Broodstock Collection,38,23JI300,
24-1-25-55761,WRIA 07.0943,Wallace River Hatchery,,,2023,2023-11-20,AN/BD,D13310,3,59,,Female,Unmarked,,,,3?,0.2,1,2,Chum,Genetic Card,Non-Treaty,Broodstock Collection,39,23JI400,
24-1-25-55761,WRIA 07.0943,Wallace River Hatchery,,,2023,2023-11-20,AN/BD,D13310,4,70,,Female,Unmarked,,,,4?,0.3,1,2,Chum,Genetic Card,Non-Treaty,Broodstock Collection,40,23JI253,
24-1-25-55761,WRIA 07.0943,Wallace River Hatchery,,,2023,2023-11-20,AN/BD,D13310,5,63,,Female,Unmarked,,,,3?,0.2,1,2,Chum,Genetic Card,Non-Treaty,Broodstock Collection,41,23JI252,
24-1-25-55761,WRIA 07.0943,Wallace River Hatchery,,,2023,2023-11-20,AN/BD,D13310,6,70,,Female,Unmarked,,,,4?,0.3,1,2,Chum,Genetic Card,Non-Treaty,Broodstock Collection,42,23JI251,
24-1-25-55761,WRIA 07.0943,Wallace River Hatchery,,,2023,2023-11-20,AN/BD,D13310,7,71,,Female,Unmarked,,,,4?,0.3,1,2,Chum,Genetic Card,Non-Treaty,Broodstock Collection,43,23JI357,
24-1-25-55761,WRIA 07.0943,Wallace River Hatchery,,,2023,2023-11-20,AN/BD,D13310,8,65,,Female,Unmarked,,,,3?,0.2,1,2,Chum,Genetic Card,Non-Treaty,Broodstock Collection,44,23JI356,
24-1-25-55761,WRIA 07.0943,Wallace River Hatchery,,,2023,2023-11-20,AN/BD,D13310,9,68,,Female,Unmarked,,,,5?,0.4,1,2,Chum,Genetic Card,Non-Treaty,Broodstock Collection,45,23JI355,
24-1-25-55761,WRIA 07.0943,Wallace River Hatchery,,,2023,2023-11-20,AN/BD,D13310,10,68,,Female,Unmarked,,,,4?,0.3,1,2,Chum,Genetic Card,Non-Treaty,Broodstock Collection,46,23JI354,
24-1-25-55761,WRIA 07.0943,Wallace River Hatchery,,,2023,2023-11-20,AN/BD,D13310,11,68,,Female,Unmarked,,,,4?,0.3,1,2,Chum,Genetic Card,Non-Treaty,Broodstock Collection,47,23JI353,
24-1-25-55761,WRIA 07.0943,Wallace River Hatchery,,,2023,2023-11-20,AN/BD,D13310,12,65,,Female,Unmarked,,,,3?,0.2,1,2,Chum,Genetic Card,Non-Treaty,Broodstock Collection,48,23JI352,
24-1-25-55761,WRIA 07.0943,Wallace River Hatchery,,,2023,2023-11-20,AN/BD,D13310,13,70,,Female,Unmarked,,,,4?,0.3,1,2,Chum,Genetic Card,Non-Treaty,Broodstock Collection,49,23JI351,
24-1-25-55761,WRIA 07.0943,Wallace River Hatchery,,,2023,2023-11-20,AN/BD,D13310,14,68,,Female,Unmarked,,,,3?,0.2,1,2,Chum,Genetic Card,Non-Treaty,Broodstock Collection,50,23JI350,
24-1-25-55761,WRIA 07.0943,Wallace River Hatchery,,,2023,2023-11-20,AN/BD,D13310,15,72,,Female,Unmarked,,,,4?,0.3,1,2,Chum,Genetic Card,Non-Treaty,Broodstock Collection,51,23JI349,
24-1-25-55761,WRIA 07.0943,Wallace River Hatchery,,,2023,2023-11-20,AN/BD,D13310,16,63,,Female,Unmarked,,,,3?,0.2,1,2,Chum,Genetic Card,Non-Treaty,Broodstock Collection,52,23JI348,
24-1-25-55761,WRIA 07.0943,Wallace River Hatchery,,,2023,2023-11-20,AN/BD,D13310,17,63,,Female,Unmarked,,,,3?,0.2,1,2,Chum,Genetic Card,Non-Treaty,Broodstock Collection,53,23JI347,
24-1-25-55761,WRIA 07.0943,Wallace River Hatchery,,,2023,2023-11-20,AN/BD,D13310,18,65,,Female,Unmarked,,,,3?,0.2,1,2,Chum,Genetic Card,Non-Treaty,Broodstock Collection,54,23JI346,
24-1-25-55761,WRIA 07.0943,Wallace River Hatchery,,,2023,2023-11-20,AN/BD,D13310,19,69,,Female,Unmarked,,,,4?,0.3,1,2,Chum,Genetic Card,Non-Treaty,Broodstock Collection,55,23JI332,
24-1-25-55761,WRIA 07.0943,Wallace River Hatchery,,,2023,2023-11-20,AN/BD,D13310,20,65,,Female,Unmarked,,,,3?,0.2,1,2,Chum,Genetic Card,Non-Treaty,Broodstock Collection,56,,
24-1-25-55761,WRIA 07.0943,Wallace River Hatchery,,,2023,2023-11-29,C3,A70167,1,69,,Female,Unmarked,,,,4?,0.3,2-Jan,2,Chum,Regular Card,Non-Treaty,Broodstock Collection,77,23JI308,
24-1-25-55761,WRIA 07.0943,Wallace River Hatchery,,,2023,2023-11-29,C3,A70167,2,68,,Female,Unmarked,,,,4?,0.3,2-Jan,2,Chum,Regular Card,Non-Treaty,Broodstock Collection,78,23JI307,
24-1-25-55761,WRIA 07.0943,Wallace River Hatchery,,,2023,2023-11-29,C3,A70167,3,72,,Female,Unmarked,,,,4?,0.3,2-Jan,2,Chum,Regular Card,Non-Treaty,Broodstock Collection,79,23JI306,
24-1-25-55761,WRIA 07.0943,Wallace River Hatchery,,,2023,2023-11-29,C3,A70167,4,77,,Female,Unmarked,,,,4?,0.3,2-Jan,2,Chum,Regular Card,Non-Treaty,Broodstock Collection,80,23JI305,
24-1-25-55761,WRIA 07.0943,Wallace River Hatchery,,,2023,2023-11-29,C3,A70167,5,73,,Female,Unmarked,,,,4?,0.3,2-Jan,2,Chum,Regular Card,Non-Treaty,Broodstock Collection,81,23JI304,
24-1-25-55761,WRIA 07.0943,Wallace River Hatchery,,,2023,2023-11-29,C3,A70167,6,71,,Female,Unmarked,,,,4?,0.3,2-Jan,2,Chum,Regular Card,Non-Treaty,Broodstock Collection,82,23JI303,
24-1-25-55761,WRIA 07.0943,Wallace River Hatchery,,,2023,2023-11-29,C3,A70167,7,75,,Male,Unmarked,,,,4?,0.3,2-Jan,2,Chum,Regular Card,Non-Treaty,Broodstock Collection,83,23JI302,
24-1-25-55761,WRIA 07.0943,Wallace River Hatchery,,,2023,2023-11-29,C3,A70167,8,66,,Male,Unmarked,,,,3?,0.2,2-Jan,2,Chum,Regular Card,Non-Treaty,Broodstock Collection,84,23JI301,
24-1-25-55761,WRIA 07.0943,Wallace River Hatchery,,,2023,2023-11-29,C3,A70167,9,64,,Male,Unmarked,,,,3?,0.2,2-Jan,2,Chum,Regular Card,Non-Treaty,Broodstock Collection,85,23JI345,
24-1-25-55761,WRIA 07.0943,Wallace River Hatchery,,,2023,2023-11-29,C3,A70167,10,70,,Male,Unmarked,,,,5?,0.4,2-Jan,2,Chum,Regular Card,Non-Treaty,Broodstock Collection,86,23JI344,
24-1-25-55761,WRIA 07.0943,Wallace River Hatchery,,,2023,2023-11-29,C3,A70167,11,74,,Male,Unmarked,,,,4?,0.3,2-Jan,2,Chum,Regular Card,Non-Treaty,Broodstock Collection,,23JI343,
24-1-25-55761,WRIA 07.0943,Wallace River Hatchery,,,2023,2023-11-29,C3,A70167,12,66,,Female,Unmarked,,,,3?,0.2,2-Jan,2,Chum,Regular Card,Non-Treaty,Broodstock Collection,88,23JI342,
24-1-25-55761,WRIA 07.0943,Wallace River Hatchery,,,2023,2023-11-29,C3,A70167,13,67,,Female,Unmarked,,,,3?,0.2,2-Jan,2,Chum,Regular Card,Non-Treaty,Broodstock Collection,89,23JI341,
24-1-25-55761,WRIA 07.0943,Wallace River Hatchery,,,2023,2023-11-29,C3,A70167,14,71,,Female,Unmarked,,,,4?,0.3,2-Jan,2,Chum,Regular Card,Non-Treaty,Broodstock Collection,90,23JI340,
24-1-25-55761,WRIA 07.0943,Wallace River Hatchery,,,2023,2023-11-29,C3,A70167,15,65,,Female,Unmarked,,,,3?,0.2,2-Jan,2,Chum,Regular Card,Non-Treaty,Broodstock Collection,91,23JI339,
24-1-25-55761,WRIA 07.0943,Wallace River Hatchery,,,2023,2023-11-29,C3,A70167,16,69,,Female,Unmarked,,,,4?,0.3,2-Jan,2,Chum,Regular Card,Non-Treaty,Broodstock Collection,92,23JI338,
24-1-25-55761,WRIA 07.0943,Wallace River Hatchery,,,2023,2023-11-29,C3,A70167,17,63,,Female,Unmarked,,,,3?,0.2,2-Jan,2,Chum,Regular Card,Non-Treaty,Broodstock Collection,93,23JI337,
24-1-25-55761,WRIA 07.0943,Wallace River Hatchery,,,2023,2023-11-29,C3,A70167,18,66,,Female,Undetermined,,,,3?,0.2,2-Jan,2,Chum,Regular Card,Non-Treaty,Broodstock Collection,94,23JI336,
24-1-25-55761,WRIA 07.0943,Wallace River Hatchery,,,2023,2023-11-29,C3,A70167,19,63,,Female,Unmarked,,,,3?,0.2,2-Jan,2,Chum,Regular Card,Non-Treaty,Broodstock Collection,95,23JI335,
24-1-25-55761,WRIA 07.0943,Wallace River Hatchery,,,2023,2023-11-29,C3,A70167,20,63,,Male,Unmarked,,,,3?,0.2,2-Jan,2,Chum,Regular Card,Non-Treaty,Broodstock Collection,96,23JI334,
24-1-25-55761,WRIA 07.0943,Wallace River Hatchery,,,2023,2023-11-29,C3,A70168,1,71,,Male,Unmarked,,,,4?,0.3,2-Feb,2,Chum,Regular Card,Non-Treaty,Broodstock Collection,97,23JI333,
24-1-25-55761,WRIA 07.0943,Wallace River Hatchery,,,2023,2023-11-29,C3,A70168,2,64,,Male,Unmarked,,,,3?,0.2,2-Feb,2,Chum,Regular Card,Non-Treaty,Broodstock Collection,98,23JI319,
24-1-25-55761,WRIA 07.0943,Wallace River Hatchery,,,2023,2023-11-29,C3,A70168,3,73,,Male,Unmarked,,,,4?,0.3,2-Feb,2,Chum,Regular Card,Non-Treaty,Broodstock Collection,99,23JI323,
24-1-25-55761,WRIA 07.0943,Wallace River Hatchery,,,2023,2023-11-29,C3,A70168,4,67,,Male,Unmarked,,,,3?,0.2,2-Feb,2,Chum,Regular Card,Non-Treaty,Broodstock Collection,100,23JI322,
24-1-25-55761,WRIA 07.0943,Wallace River Hatchery,,,2023,2023-11-29,C3,A70168,5,73,,Male,Unmarked,,,,4?,0.3,2-Feb,2,Chum,Regular Card,Non-Treaty,Broodstock Collection,101,23JI321,
